-- phpMyAdmin SQL Dump
-- version 4.8.5
-- https://www.phpmyadmin.net/
--
-- Host: 127.0.0.1
-- Generation Time: Apr 23, 2019 at 06:46 AM
-- Server version: 10.1.38-MariaDB
-- PHP Version: 7.1.27

SET SQL_MODE = "NO_AUTO_VALUE_ON_ZERO";
SET AUTOCOMMIT = 0;
START TRANSACTION;
SET time_zone = "+00:00";


/*!40101 SET @OLD_CHARACTER_SET_CLIENT=@@CHARACTER_SET_CLIENT */;
/*!40101 SET @OLD_CHARACTER_SET_RESULTS=@@CHARACTER_SET_RESULTS */;
/*!40101 SET @OLD_COLLATION_CONNECTION=@@COLLATION_CONNECTION */;
/*!40101 SET NAMES utf8mb4 */;

--
-- Database: `siwali`
--

-- --------------------------------------------------------

--
-- Table structure for table `admin`
--

CREATE TABLE `admin` (
  `id` varchar(20) NOT NULL,
  `nama` varchar(30) DEFAULT NULL,
  `password` varchar(10) DEFAULT NULL
) ENGINE=InnoDB DEFAULT CHARSET=latin1;

-- --------------------------------------------------------

--
-- Table structure for table `catatan`
--

CREATE TABLE `catatan` (
  `id_catatan` int(11) NOT NULL,
  `isi` text,
  `nim_mahasiswa` varchar(8) DEFAULT NULL,
  `nip_dosen` varchar(18) DEFAULT NULL
) ENGINE=InnoDB DEFAULT CHARSET=latin1;

-- --------------------------------------------------------

--
-- Table structure for table `dosen`
--

CREATE TABLE `dosen` (
  `nip_dosen` varchar(18) NOT NULL,
  `nama_dosen` varchar(30) NOT NULL,
  `tempat_lahir` varchar(30) DEFAULT NULL,
  `tanggal_lahir` date DEFAULT NULL,
  `jenis_kelamin` enum('L','P') DEFAULT NULL,
  `email` varchar(50) DEFAULT NULL,
  `no_telp_dosen` bigint(13) DEFAULT NULL,
  `foto_dosen` blob
) ENGINE=InnoDB DEFAULT CHARSET=latin1;

--
-- Dumping data for table `dosen`
--

INSERT INTO `dosen` (`nip_dosen`, `nama_dosen`, `tempat_lahir`, `tanggal_lahir`, `jenis_kelamin`, `email`, `no_telp_dosen`, `foto_dosen`) VALUES
('198606192015041001', 'Handoyo, S.Si., M.T.', '', NULL, NULL, NULL, NULL, NULL),
('198705242015042001', 'Gestin Mey Ekawati, S.T., M.T.', '', NULL, NULL, NULL, NULL, NULL),
('1987062720181100', 'Soni Satiawan, S.T., M.Sc.', '', NULL, NULL, NULL, NULL, NULL),
('1987071220171070', 'Cahli Suhendi, S.Si., M.T.', '', NULL, NULL, NULL, NULL, NULL),
('198710062015041003', 'Ruhul Firdaus, S.T., M.T.', '', NULL, NULL, NULL, NULL, NULL),
('198801272018032000', 'Rizka, S.T., M.T.', '', NULL, NULL, NULL, NULL, NULL),
('1989052220161000', 'Reza Rizki, S.T., M.T.', '', NULL, NULL, NULL, NULL, NULL),
('1990090420182069', 'Harnanti Y Hutami, S.Si., M.T.', '', NULL, NULL, NULL, NULL, NULL),
('1991041120172050', 'Maria R P Sudibyo, S.Si., M.Sc', '', NULL, NULL, NULL, NULL, NULL),
('1991061020181090', 'Erlangga Ibrahim Fattah, S.Si.', '', NULL, NULL, NULL, NULL, NULL),
('1991071720182080', 'Rhahmi Adni Pesma, S.Si., M.Si', '', NULL, NULL, NULL, NULL, NULL),
('1991081420181100', 'Dr. Nono A S, S.Si., M.T.', '', NULL, NULL, NULL, NULL, NULL);

-- --------------------------------------------------------

--
-- Table structure for table `ip_mahasiswa`
--

CREATE TABLE `ip_mahasiswa` (
  `id` int(11) NOT NULL,
  `semester_1` float(3,2) DEFAULT NULL,
  `semester_2` float(3,2) DEFAULT NULL,
  `semester_3` float(3,2) DEFAULT NULL,
  `semester_4` float(3,2) DEFAULT NULL,
  `semester_5` float(3,2) DEFAULT NULL,
  `semester_6` float(3,2) DEFAULT NULL,
  `semester_7` float(3,2) DEFAULT NULL,
  `semester_8` float(3,2) DEFAULT NULL,
  `nim_mahasiswa` varchar(8) DEFAULT NULL
) ENGINE=InnoDB DEFAULT CHARSET=latin1;

-- --------------------------------------------------------

--
-- Table structure for table `mahasiswa`
--

CREATE TABLE `mahasiswa` (
  `nim_mahasiswa` varchar(8) NOT NULL,
  `nama_mahasiswa` varchar(30) NOT NULL,
  `angkatan` int(4) NOT NULL,
  `nip_dosen` varchar(18) DEFAULT NULL,
  `nama_wali` varchar(50) DEFAULT NULL,
  `no_telp_wali` bigint(12) DEFAULT NULL,
  `tempat_lahir` varchar(30) DEFAULT NULL,
  `tanggal_lahir` date DEFAULT NULL,
  `jenis_kelamin` enum('L','P') DEFAULT NULL,
  `email` varchar(50) DEFAULT NULL,
  `no_telp_mahasiswa` bigint(13) DEFAULT NULL,
  `foto_mahasiswa` blob,
  `semester_1` float(3,2) DEFAULT NULL,
  `semester_2` float(3,2) DEFAULT NULL,
  `semester_3` float(3,2) DEFAULT NULL,
  `semester_4` float(3,2) DEFAULT NULL,
  `semester_5` float(3,2) DEFAULT NULL,
  `semester_6` float(3,2) DEFAULT NULL,
  `semester_7` float(3,2) DEFAULT NULL,
  `semester_8` float(3,2) DEFAULT NULL
) ENGINE=InnoDB DEFAULT CHARSET=latin1;

--
-- Dumping data for table `mahasiswa`
--

INSERT INTO `mahasiswa` (`nim_mahasiswa`, `nama_mahasiswa`, `angkatan`, `nip_dosen`, `nama_wali`, `no_telp_wali`, `tempat_lahir`, `tanggal_lahir`, `jenis_kelamin`, `email`, `no_telp_mahasiswa`, `foto_mahasiswa`, `semester_1`, `semester_2`, `semester_3`, `semester_4`, `semester_5`, `semester_6`, `semester_7`, `semester_8`) VALUES
('12112009', 'FX. Tunggul Sutrisno', 2012, '198710062015041003', NULL, NULL, NULL, NULL, NULL, NULL, NULL, NULL, NULL, NULL, NULL, NULL, NULL, NULL, NULL, NULL),
('12113002', 'Dwi Anggun Bissabri', 2013, '198710062015041003', NULL, NULL, NULL, NULL, NULL, NULL, NULL, NULL, NULL, NULL, NULL, NULL, NULL, NULL, NULL, NULL),
('12113004', 'Yanrizha Ihsan', 2013, '198705242015042001', NULL, NULL, NULL, NULL, NULL, NULL, NULL, NULL, NULL, NULL, NULL, NULL, NULL, NULL, NULL, NULL),
('12113006', 'Muhammad Hadi Kurniawan', 2014, '198710062015041003', NULL, NULL, NULL, NULL, NULL, NULL, NULL, NULL, NULL, NULL, NULL, NULL, NULL, NULL, NULL, NULL),
('12113007', 'Putri Ambarsari', 2013, '1989052220161000', NULL, NULL, NULL, NULL, NULL, NULL, NULL, NULL, NULL, NULL, NULL, NULL, NULL, NULL, NULL, NULL),
('12114001', 'Fakhriza syahda', 2014, '198710062015041003', NULL, NULL, NULL, NULL, NULL, NULL, NULL, NULL, NULL, NULL, NULL, NULL, NULL, NULL, NULL, NULL),
('12114003', 'M Hanif Syamri', 2014, '198705242015042001', NULL, NULL, NULL, NULL, NULL, NULL, NULL, NULL, NULL, NULL, NULL, NULL, NULL, NULL, NULL, NULL),
('12114004', 'Muhammad Ahsani Taqwim', 2014, '198606192015041001', NULL, NULL, NULL, NULL, NULL, NULL, NULL, NULL, NULL, NULL, NULL, NULL, NULL, NULL, NULL, NULL),
('12114005', 'Hendra hidayat akbar', 2014, '198710062015041003', NULL, NULL, NULL, NULL, NULL, NULL, NULL, NULL, NULL, NULL, NULL, NULL, NULL, NULL, NULL, NULL),
('12115001', 'Febri A D Fernanda', 2015, '198705242015042001', NULL, NULL, NULL, NULL, NULL, NULL, NULL, NULL, NULL, NULL, NULL, NULL, NULL, NULL, NULL, NULL),
('12115002', 'Indri Safitri', 2015, '198606192015041001', NULL, NULL, NULL, NULL, NULL, NULL, NULL, NULL, NULL, NULL, NULL, NULL, NULL, NULL, NULL, NULL),
('12115003', 'Luqman thareq togak ratu', 2015, '198710062015041003', NULL, NULL, NULL, NULL, NULL, NULL, NULL, NULL, NULL, NULL, NULL, NULL, NULL, NULL, NULL, NULL),
('12115004', 'Muhammad machfud', 2015, '1989052220161000', NULL, NULL, NULL, NULL, NULL, NULL, NULL, NULL, NULL, NULL, NULL, NULL, NULL, NULL, NULL, NULL),
('12115005', 'Insanul Kamil', 2015, '198705242015042001', NULL, NULL, NULL, NULL, NULL, NULL, NULL, NULL, NULL, NULL, NULL, NULL, NULL, NULL, NULL, NULL),
('12115006', 'Andho marendra', 2015, '198801272018032000', NULL, NULL, NULL, NULL, NULL, NULL, NULL, NULL, NULL, NULL, NULL, NULL, NULL, NULL, NULL, NULL),
('12115007', 'Muhammad I Naufaldi', 2015, '198705242015042001', NULL, NULL, NULL, NULL, NULL, NULL, NULL, NULL, NULL, NULL, NULL, NULL, NULL, NULL, NULL, NULL),
('12115009', 'Yoopy christian', 2015, '198710062015041003', NULL, NULL, NULL, NULL, NULL, NULL, NULL, NULL, NULL, NULL, NULL, NULL, NULL, NULL, NULL, NULL),
('12115010', 'Rendra aditya hakim', 2015, '1989052220161000', NULL, NULL, NULL, NULL, NULL, NULL, NULL, NULL, NULL, NULL, NULL, NULL, NULL, NULL, NULL, NULL),
('12115011', 'Beta A Piskora', 2015, '198705242015042001', NULL, NULL, NULL, NULL, NULL, NULL, NULL, NULL, NULL, NULL, NULL, NULL, NULL, NULL, NULL, NULL),
('12115012', 'Gabrio hikma januarta', 2015, '198801272018032000', NULL, NULL, NULL, NULL, NULL, NULL, NULL, NULL, NULL, NULL, NULL, NULL, NULL, NULL, NULL, NULL),
('12115013', 'Dayu Prabowo', 2015, '198705242015042001', NULL, NULL, NULL, NULL, NULL, NULL, NULL, NULL, NULL, NULL, NULL, NULL, NULL, NULL, NULL, NULL),
('12115014', 'Jihan Aulia', 2015, '198606192015041001', NULL, NULL, NULL, NULL, NULL, NULL, NULL, NULL, NULL, NULL, NULL, NULL, NULL, NULL, NULL, NULL),
('12115015', 'Rizky alpha putra', 2015, '198710062015041003', NULL, NULL, NULL, NULL, NULL, NULL, NULL, NULL, NULL, NULL, NULL, NULL, NULL, NULL, NULL, NULL),
('12115016', 'Lidyana ardianti', 2015, '1989052220161000', NULL, NULL, NULL, NULL, NULL, NULL, NULL, NULL, NULL, NULL, NULL, NULL, NULL, NULL, NULL, NULL),
('12115017', 'Putu Pradnya andika', 2015, '198705242015042001', NULL, NULL, NULL, NULL, NULL, NULL, NULL, NULL, NULL, NULL, NULL, NULL, NULL, NULL, NULL, NULL),
('12115018', 'Putri wulandari', 2015, '198801272018032000', NULL, NULL, NULL, NULL, NULL, NULL, NULL, NULL, NULL, NULL, NULL, NULL, NULL, NULL, NULL, NULL),
('12115019', 'Elysia Levina', 2015, '198705242015042001', NULL, NULL, NULL, NULL, NULL, NULL, NULL, NULL, NULL, NULL, NULL, NULL, NULL, NULL, NULL, NULL),
('12115020', 'Kristina Manurung', 2015, '198606192015041001', NULL, NULL, NULL, NULL, NULL, NULL, NULL, NULL, NULL, NULL, NULL, NULL, NULL, NULL, NULL, NULL),
('12115023', 'Asido Saputra Sigalingging', 2015, '198606192015041001', NULL, NULL, NULL, NULL, NULL, NULL, NULL, NULL, NULL, NULL, NULL, NULL, NULL, NULL, NULL, NULL),
('12115024', 'Diana rizky yuliza', 2015, '198801272018032000', NULL, NULL, NULL, NULL, NULL, NULL, NULL, NULL, NULL, NULL, NULL, NULL, NULL, NULL, NULL, NULL),
('12115025', 'Dita M Sihombing', 2015, '198705242015042001', NULL, NULL, NULL, NULL, NULL, NULL, NULL, NULL, NULL, NULL, NULL, NULL, NULL, NULL, NULL, NULL),
('12115027', 'Roy limbong', 2015, '198710062015041003', NULL, NULL, NULL, NULL, NULL, NULL, NULL, NULL, NULL, NULL, NULL, NULL, NULL, NULL, NULL, NULL),
('12115029', 'Maya Mardani', 2015, '198606192015041001', NULL, NULL, NULL, NULL, NULL, NULL, NULL, NULL, NULL, NULL, NULL, NULL, NULL, NULL, NULL, NULL),
('12115031', 'Falah F K Kautsar', 2015, '198705242015042001', NULL, NULL, NULL, NULL, NULL, NULL, NULL, NULL, NULL, NULL, NULL, NULL, NULL, NULL, NULL, NULL),
('12115032', 'Rifa Salma Salsabila', 2015, '198606192015041001', NULL, NULL, NULL, NULL, NULL, NULL, NULL, NULL, NULL, NULL, NULL, NULL, NULL, NULL, NULL, NULL),
('12115033', 'Alvirda synthia', 2015, '198710062015041003', NULL, NULL, NULL, NULL, NULL, NULL, NULL, NULL, NULL, NULL, NULL, NULL, NULL, NULL, NULL, NULL),
('12115034', 'Neneng risda ulfa', 2015, '1989052220161000', NULL, NULL, NULL, NULL, NULL, NULL, NULL, NULL, NULL, NULL, NULL, NULL, NULL, NULL, NULL, NULL),
('12115035', 'Edlyn Yoadan Nathania', 2015, '198606192015041001', NULL, NULL, NULL, NULL, NULL, NULL, NULL, NULL, NULL, NULL, NULL, NULL, NULL, NULL, NULL, NULL),
('12115036', 'Fernando gus anwar.m', 2015, '198801272018032000', NULL, NULL, NULL, NULL, NULL, NULL, NULL, NULL, NULL, NULL, NULL, NULL, NULL, NULL, NULL, NULL),
('12115037', 'Nadya agnesia sinaga', 2015, '198705242015042001', NULL, NULL, NULL, NULL, NULL, NULL, NULL, NULL, NULL, NULL, NULL, NULL, NULL, NULL, NULL, NULL),
('12115039', 'M luthfi risqulloh fadholi', 2015, '198710062015041003', NULL, NULL, NULL, NULL, NULL, NULL, NULL, NULL, NULL, NULL, NULL, NULL, NULL, NULL, NULL, NULL),
('12115040', 'Dwi agustiyani', 2015, '1989052220161000', NULL, NULL, NULL, NULL, NULL, NULL, NULL, NULL, NULL, NULL, NULL, NULL, NULL, NULL, NULL, NULL),
('12115041', 'Nurfaizi', 2015, '198801272018032000', NULL, NULL, NULL, NULL, NULL, NULL, NULL, NULL, NULL, NULL, NULL, NULL, NULL, NULL, NULL, NULL),
('12115043', 'Elizabet Simanjuntak', 2015, '198705242015042001', NULL, NULL, NULL, NULL, NULL, NULL, NULL, NULL, NULL, NULL, NULL, NULL, NULL, NULL, NULL, NULL),
('12115044', 'Ekky Riwandha Kurniawan', 2015, '198606192015041001', NULL, NULL, NULL, NULL, NULL, NULL, NULL, NULL, NULL, NULL, NULL, NULL, NULL, NULL, NULL, NULL),
('12115046', 'Rizal bahrul ulum', 2015, '1989052220161000', NULL, NULL, NULL, NULL, NULL, NULL, NULL, NULL, NULL, NULL, NULL, NULL, NULL, NULL, NULL, NULL),
('12115048', 'Muhammad latif biantoro', 2015, '198801272018032000', NULL, NULL, NULL, NULL, NULL, NULL, NULL, NULL, NULL, NULL, NULL, NULL, NULL, NULL, NULL, NULL),
('12115050', 'Agustina Triwulandari', 2015, '198606192015041001', NULL, NULL, NULL, NULL, NULL, NULL, NULL, NULL, NULL, NULL, NULL, NULL, NULL, NULL, NULL, NULL),
('12115051', 'Nisrina balqis maharani putri', 2015, '198710062015041003', NULL, NULL, NULL, NULL, NULL, NULL, NULL, NULL, NULL, NULL, NULL, NULL, NULL, NULL, NULL, NULL),
('12115053', 'Bani habibi', 2015, '198801272018032000', NULL, NULL, NULL, NULL, NULL, NULL, NULL, NULL, NULL, NULL, NULL, NULL, NULL, NULL, NULL, NULL),
('12115054', 'M. rafif pascaloa', 2015, '198801272018032000', NULL, NULL, NULL, NULL, NULL, NULL, NULL, NULL, NULL, NULL, NULL, NULL, NULL, NULL, NULL, NULL),
('12115056', 'Ramot Fernando', 2015, '198606192015041001', NULL, NULL, NULL, NULL, NULL, NULL, NULL, NULL, NULL, NULL, NULL, NULL, NULL, NULL, NULL, NULL),
('12115057', 'Ronaldo paulus ricky martin', 2015, '198710062015041003', NULL, NULL, NULL, NULL, NULL, NULL, NULL, NULL, NULL, NULL, NULL, NULL, NULL, NULL, NULL, NULL),
('12115058', 'Iqbal niko abqori', 2015, '1989052220161000', NULL, NULL, NULL, NULL, NULL, NULL, NULL, NULL, NULL, NULL, NULL, NULL, NULL, NULL, NULL, NULL),
('12115061', 'Melda Pratiwie', 2015, '198705242015042001', NULL, NULL, NULL, NULL, NULL, NULL, NULL, NULL, NULL, NULL, NULL, NULL, NULL, NULL, NULL, NULL),
('12115062', 'Fitriyani', 2015, '198606192015041001', NULL, NULL, NULL, NULL, NULL, NULL, NULL, NULL, NULL, NULL, NULL, NULL, NULL, NULL, NULL, NULL),
('12115063', 'Kristian n. hutagalung', 2015, '198710062015041003', NULL, NULL, NULL, NULL, NULL, NULL, NULL, NULL, NULL, NULL, NULL, NULL, NULL, NULL, NULL, NULL),
('12115064', 'Muchamad andara', 2015, '1989052220161000', NULL, NULL, NULL, NULL, NULL, NULL, NULL, NULL, NULL, NULL, NULL, NULL, NULL, NULL, NULL, NULL),
('12116001', 'Elan P. Sinaga', 2016, '198606192015041001', NULL, NULL, NULL, NULL, NULL, NULL, NULL, NULL, NULL, NULL, NULL, NULL, NULL, NULL, NULL, NULL),
('12116002', 'Reza Syindhica', 2016, '198606192015041001', NULL, NULL, NULL, NULL, NULL, NULL, NULL, NULL, NULL, NULL, NULL, NULL, NULL, NULL, NULL, NULL),
('12116003', 'Dwi Bulansari', 2016, '198606192015041001', NULL, NULL, NULL, NULL, NULL, NULL, NULL, NULL, NULL, NULL, NULL, NULL, NULL, NULL, NULL, NULL),
('12116004', 'Aditya Dharma Dwipa', 2016, '198606192015041001', NULL, NULL, NULL, NULL, NULL, NULL, NULL, NULL, NULL, NULL, NULL, NULL, NULL, NULL, NULL, NULL),
('12116005', 'Ahmad Rowatul Irham', 2016, '198606192015041001', NULL, NULL, NULL, NULL, NULL, NULL, NULL, NULL, NULL, NULL, NULL, NULL, NULL, NULL, NULL, NULL),
('12116006', 'Randyana', 2016, '198606192015041001', NULL, NULL, NULL, NULL, NULL, NULL, NULL, NULL, NULL, NULL, NULL, NULL, NULL, NULL, NULL, NULL),
('12116007', 'Felik Destian Putra Amijaya', 201, '198606192015041001', NULL, NULL, NULL, NULL, NULL, NULL, NULL, NULL, NULL, NULL, NULL, NULL, NULL, NULL, NULL, NULL),
('12116008', 'Izhar Syafawi', 2016, '198606192015041001', NULL, NULL, NULL, NULL, NULL, NULL, NULL, NULL, NULL, NULL, NULL, NULL, NULL, NULL, NULL, NULL),
('12116009', 'Febriani Dewi Catur Pamungkas', 2016, '198606192015041001', NULL, NULL, NULL, NULL, NULL, NULL, NULL, NULL, NULL, NULL, NULL, NULL, NULL, NULL, NULL, NULL),
('12116010', 'Putri Sabila Damayant', 2016, '198606192015041001', NULL, NULL, NULL, NULL, NULL, NULL, NULL, NULL, NULL, NULL, NULL, NULL, NULL, NULL, NULL, NULL),
('12116011', 'Mahardika Aji Kurniawan', 2016, '198606192015041001', NULL, NULL, NULL, NULL, NULL, NULL, NULL, NULL, NULL, NULL, NULL, NULL, NULL, NULL, NULL, NULL),
('12116012', 'Ichsan Algifary', 2016, '198606192015041001', NULL, NULL, NULL, NULL, NULL, NULL, NULL, NULL, NULL, NULL, NULL, NULL, NULL, NULL, NULL, NULL),
('12116013', 'M. Intasya Falie Rizqi', 2016, '198606192015041001', NULL, NULL, NULL, NULL, NULL, NULL, NULL, NULL, NULL, NULL, NULL, NULL, NULL, NULL, NULL, NULL),
('12116014', 'Helen Zetri', 2016, '198606192015041001', NULL, NULL, NULL, NULL, NULL, NULL, NULL, NULL, NULL, NULL, NULL, NULL, NULL, NULL, NULL, NULL),
('12116015', 'Benyamin Oozatulo Telaumbanua', 2016, '198710062015041003', NULL, NULL, NULL, NULL, NULL, NULL, NULL, NULL, NULL, NULL, NULL, NULL, NULL, NULL, NULL, NULL),
('12116016', 'M Hendra Gunawan', 2016, '198710062015041003', NULL, NULL, NULL, NULL, NULL, NULL, NULL, NULL, NULL, NULL, NULL, NULL, NULL, NULL, NULL, NULL),
('12116017', 'Tommy Afrizal Umar Cili', 2016, '198710062015041003', NULL, NULL, NULL, NULL, NULL, NULL, NULL, NULL, NULL, NULL, NULL, NULL, NULL, NULL, NULL, NULL),
('12116018', 'Wahyu Eko Junian', 2016, '198710062015041003', NULL, NULL, NULL, NULL, NULL, NULL, NULL, NULL, NULL, NULL, NULL, NULL, NULL, NULL, NULL, NULL),
('12116020', 'Muhammad Rafli Ananta', 2016, '198710062015041003', NULL, NULL, NULL, NULL, NULL, NULL, NULL, NULL, NULL, NULL, NULL, NULL, NULL, NULL, NULL, NULL),
('12116021', 'Della Thesay Adellia', 2016, '198710062015041003', NULL, NULL, NULL, NULL, NULL, NULL, NULL, NULL, NULL, NULL, NULL, NULL, NULL, NULL, NULL, NULL),
('12116022', 'Resti Ayu Nofitha', 2016, '198710062015041003', NULL, NULL, NULL, NULL, NULL, NULL, NULL, NULL, NULL, NULL, NULL, NULL, NULL, NULL, NULL, NULL),
('12116023', 'Wardah Restianingsih', 2016, '198710062015041003', NULL, NULL, NULL, NULL, NULL, NULL, NULL, NULL, NULL, NULL, NULL, NULL, NULL, NULL, NULL, NULL),
('12116025', 'Julita Anggelia Saputri', 2016, '198710062015041003', NULL, NULL, NULL, NULL, NULL, NULL, NULL, NULL, NULL, NULL, NULL, NULL, NULL, NULL, NULL, NULL),
('12116026', 'Octi Octavia. Nz', 2016, '198710062015041003', NULL, NULL, NULL, NULL, NULL, NULL, NULL, NULL, NULL, NULL, NULL, NULL, NULL, NULL, NULL, NULL),
('12116028', 'Nazaellya Tsabita Nurazisha', 2016, '198710062015041003', NULL, NULL, NULL, NULL, NULL, NULL, NULL, NULL, NULL, NULL, NULL, NULL, NULL, NULL, NULL, NULL),
('12116029', 'Muhammad Rendi Pratama', 2016, '198705242015042001', NULL, NULL, NULL, NULL, NULL, NULL, NULL, NULL, NULL, NULL, NULL, NULL, NULL, NULL, NULL, NULL),
('12116030', 'Handika Tampubolon', 2016, '198705242015042001', NULL, NULL, NULL, NULL, NULL, NULL, NULL, NULL, NULL, NULL, NULL, NULL, NULL, NULL, NULL, NULL),
('12116031', 'Muhammad Irfan', 2016, '198705242015042001', NULL, NULL, NULL, NULL, NULL, NULL, NULL, NULL, NULL, NULL, NULL, NULL, NULL, NULL, NULL, NULL),
('12116032', 'Windah Junianti Rambe', 2016, '198705242015042001', NULL, NULL, NULL, NULL, NULL, NULL, NULL, NULL, NULL, NULL, NULL, NULL, NULL, NULL, NULL, NULL),
('12116033', 'Dita A Hutabalian', 2016, '198705242015042001', NULL, NULL, NULL, NULL, NULL, NULL, NULL, NULL, NULL, NULL, NULL, NULL, NULL, NULL, NULL, NULL),
('12116034', 'Elfinder Manullang', 2016, '198705242015042001', NULL, NULL, NULL, NULL, NULL, NULL, NULL, NULL, NULL, NULL, NULL, NULL, NULL, NULL, NULL, NULL),
('12116035', 'Fari Rizki', 2016, '198705242015042001', NULL, NULL, NULL, NULL, NULL, NULL, NULL, NULL, NULL, NULL, NULL, NULL, NULL, NULL, NULL, NULL),
('12116036', 'Vira Seprina Putri', 2016, '198705242015042001', NULL, NULL, NULL, NULL, NULL, NULL, NULL, NULL, NULL, NULL, NULL, NULL, NULL, NULL, NULL, NULL),
('12116037', 'Alwi Alaksa Parmanda', 2016, '198705242015042001', NULL, NULL, NULL, NULL, NULL, NULL, NULL, NULL, NULL, NULL, NULL, NULL, NULL, NULL, NULL, NULL),
('12116038', 'Fitria Ramayanti', 2016, '198705242015042001', NULL, NULL, NULL, NULL, NULL, NULL, NULL, NULL, NULL, NULL, NULL, NULL, NULL, NULL, NULL, NULL),
('12116039', 'Virgiwan Rivaldi', 2016, '198705242015042001', NULL, NULL, NULL, NULL, NULL, NULL, NULL, NULL, NULL, NULL, NULL, NULL, NULL, NULL, NULL, NULL),
('12116040', 'Ambar Nabilla', 2016, '198705242015042001', NULL, NULL, NULL, NULL, NULL, NULL, NULL, NULL, NULL, NULL, NULL, NULL, NULL, NULL, NULL, NULL),
('12116041', 'Yosevany Tarigan', 2016, '198705242015042001', NULL, NULL, NULL, NULL, NULL, NULL, NULL, NULL, NULL, NULL, NULL, NULL, NULL, NULL, NULL, NULL),
('12116042', 'Mikha Parasian Gamaliel Tobing', 2016, '198801272018032000', NULL, NULL, NULL, NULL, NULL, NULL, NULL, NULL, NULL, NULL, NULL, NULL, NULL, NULL, NULL, NULL),
('12116043', 'Reynaratri Wijayanti', 2016, '198801272018032000', NULL, NULL, NULL, NULL, NULL, NULL, NULL, NULL, NULL, NULL, NULL, NULL, NULL, NULL, NULL, NULL),
('12116044', 'Muhammad Ali Al Habib', 2016, '198801272018032000', NULL, NULL, NULL, NULL, NULL, NULL, NULL, NULL, NULL, NULL, NULL, NULL, NULL, NULL, NULL, NULL),
('12116045', 'Arvico Putraloka', 2016, '198801272018032000', NULL, NULL, NULL, NULL, NULL, NULL, NULL, NULL, NULL, NULL, NULL, NULL, NULL, NULL, NULL, NULL),
('12116046', 'Cahya Nuari Ramadhan', 2016, '198801272018032000', NULL, NULL, NULL, NULL, NULL, NULL, NULL, NULL, NULL, NULL, NULL, NULL, NULL, NULL, NULL, NULL),
('12116047', 'Alvi Rahma Lukitasari', 2016, '198801272018032000', NULL, NULL, NULL, NULL, NULL, NULL, NULL, NULL, NULL, NULL, NULL, NULL, NULL, NULL, NULL, NULL),
('12116048', 'Wantika Tri Wahyudi', 2016, '198801272018032000', NULL, NULL, NULL, NULL, NULL, NULL, NULL, NULL, NULL, NULL, NULL, NULL, NULL, NULL, NULL, NULL),
('12116049', 'Tria Nisrina Mufidah', 2016, '198801272018032000', NULL, NULL, NULL, NULL, NULL, NULL, NULL, NULL, NULL, NULL, NULL, NULL, NULL, NULL, NULL, NULL),
('12116050', 'Tyas Sancana Ramadan', 2016, '198801272018032000', NULL, NULL, NULL, NULL, NULL, NULL, NULL, NULL, NULL, NULL, NULL, NULL, NULL, NULL, NULL, NULL),
('12116052', 'Hana Yudi Perkasa', 2016, '198801272018032000', NULL, NULL, NULL, NULL, NULL, NULL, NULL, NULL, NULL, NULL, NULL, NULL, NULL, NULL, NULL, NULL),
('12116053', 'Mahesha Ramadhan', 2016, '198801272018032000', NULL, NULL, NULL, NULL, NULL, NULL, NULL, NULL, NULL, NULL, NULL, NULL, NULL, NULL, NULL, NULL),
('12116054', 'David Octavianus', 2016, '198801272018032000', NULL, NULL, NULL, NULL, NULL, NULL, NULL, NULL, NULL, NULL, NULL, NULL, NULL, NULL, NULL, NULL),
('12116055', 'Meyka Fitria Ningrum', 2016, '198801272018032000', NULL, NULL, NULL, NULL, NULL, NULL, NULL, NULL, NULL, NULL, NULL, NULL, NULL, NULL, NULL, NULL),
('12116056', 'Fiska Andani', 2016, '198801272018032000', NULL, NULL, NULL, NULL, NULL, NULL, NULL, NULL, NULL, NULL, NULL, NULL, NULL, NULL, NULL, NULL),
('12116057', 'Lilis Misliana', 2016, '198801272018032000', NULL, NULL, NULL, NULL, NULL, NULL, NULL, NULL, NULL, NULL, NULL, NULL, NULL, NULL, NULL, NULL),
('12116058', 'Arif Pratama Ramadhan', 2016, '198801272018032000', NULL, NULL, NULL, NULL, NULL, NULL, NULL, NULL, NULL, NULL, NULL, NULL, NULL, NULL, NULL, NULL),
('12116060', 'Rizki Wulandari', 2016, '1989052220161000', NULL, NULL, NULL, NULL, NULL, NULL, NULL, NULL, NULL, NULL, NULL, NULL, NULL, NULL, NULL, NULL),
('12116061', 'M Defransyah Yuliadi', 2016, '1989052220161000', NULL, NULL, NULL, NULL, NULL, NULL, NULL, NULL, NULL, NULL, NULL, NULL, NULL, NULL, NULL, NULL),
('12116062', 'M. Fadel Hotman', 2016, '1989052220161000', NULL, NULL, NULL, NULL, NULL, NULL, NULL, NULL, NULL, NULL, NULL, NULL, NULL, NULL, NULL, NULL),
('12116063', 'Gustika Indriani Yahya', 2016, '1989052220161000', NULL, NULL, NULL, NULL, NULL, NULL, NULL, NULL, NULL, NULL, NULL, NULL, NULL, NULL, NULL, NULL),
('12116065', 'Andreas Pujian Sihombing', 2016, '1989052220161000', NULL, NULL, NULL, NULL, NULL, NULL, NULL, NULL, NULL, NULL, NULL, NULL, NULL, NULL, NULL, NULL),
('12116067', 'Argiyangan Finanjaya', 2016, '1989052220161000', NULL, NULL, NULL, NULL, NULL, NULL, NULL, NULL, NULL, NULL, NULL, NULL, NULL, NULL, NULL, NULL),
('12116069', 'Eka Setya Palupi', 2016, '1989052220161000', NULL, NULL, NULL, NULL, NULL, NULL, NULL, NULL, NULL, NULL, NULL, NULL, NULL, NULL, NULL, NULL),
('12116070', 'Firdizky Wahyu Febriyanto', 2016, '1989052220161000', NULL, NULL, NULL, NULL, NULL, NULL, NULL, NULL, NULL, NULL, NULL, NULL, NULL, NULL, NULL, NULL),
('12116071', 'Marchdofayana Pane', 2016, '1989052220161000', NULL, NULL, NULL, NULL, NULL, NULL, NULL, NULL, NULL, NULL, NULL, NULL, NULL, NULL, NULL, NULL),
('12116072', 'Ericson Sijabat', 2016, '1989052220161000', NULL, NULL, NULL, NULL, NULL, NULL, NULL, NULL, NULL, NULL, NULL, NULL, NULL, NULL, NULL, NULL),
('12116073', 'William Yan Healthy', 2016, '1989052220161000', NULL, NULL, NULL, NULL, NULL, NULL, NULL, NULL, NULL, NULL, NULL, NULL, NULL, NULL, NULL, NULL),
('12116074', 'Muhamad Faiz', 2016, '1989052220161000', NULL, NULL, NULL, NULL, NULL, NULL, NULL, NULL, NULL, NULL, NULL, NULL, NULL, NULL, NULL, NULL),
('12116075', 'Boi Sondang Meka', 2016, '1989052220161000', NULL, NULL, NULL, NULL, NULL, NULL, NULL, NULL, NULL, NULL, NULL, NULL, NULL, NULL, NULL, NULL),
('12116076', 'Anis Nofita', 2016, '1991041120172050', NULL, NULL, NULL, NULL, NULL, NULL, NULL, NULL, NULL, NULL, NULL, NULL, NULL, NULL, NULL, NULL),
('12116077', 'Jenny Gita Fransiska', 2016, '1991041120172050', NULL, NULL, NULL, NULL, NULL, NULL, NULL, NULL, NULL, NULL, NULL, NULL, NULL, NULL, NULL, NULL),
('12116078', 'Benyamin Elilaski Nababan', 2016, '1991041120172050', NULL, NULL, NULL, NULL, NULL, NULL, NULL, NULL, NULL, NULL, NULL, NULL, NULL, NULL, NULL, NULL),
('12116079', 'Novarisa Berliana Siahaan', 2016, '1987071220171070', NULL, NULL, NULL, NULL, NULL, NULL, NULL, NULL, NULL, NULL, NULL, NULL, NULL, NULL, NULL, NULL),
('12116080', 'Hery Paskah Simanjuntak', 2016, '1987071220171070', NULL, NULL, NULL, NULL, NULL, NULL, NULL, NULL, NULL, NULL, NULL, NULL, NULL, NULL, NULL, NULL),
('12116081', 'Nurul Fitriani', 2016, '1987071220171070', NULL, NULL, NULL, NULL, NULL, NULL, NULL, NULL, NULL, NULL, NULL, NULL, NULL, NULL, NULL, NULL),
('12116082', 'Meli Mariana Siboro', 2016, '1987071220171070', NULL, NULL, NULL, NULL, NULL, NULL, NULL, NULL, NULL, NULL, NULL, NULL, NULL, NULL, NULL, NULL),
('12116083', 'Mangidotua Manullang', 2016, '1987071220171070', NULL, NULL, NULL, NULL, NULL, NULL, NULL, NULL, NULL, NULL, NULL, NULL, NULL, NULL, NULL, NULL),
('12116084', 'Teresia Okta Alvionita Br Sinu', 2016, '1987071220171070', NULL, NULL, NULL, NULL, NULL, NULL, NULL, NULL, NULL, NULL, NULL, NULL, NULL, NULL, NULL, NULL),
('12116085', 'Sadrak Siregar', 2016, '1989052220161000', NULL, NULL, NULL, NULL, NULL, NULL, NULL, NULL, NULL, NULL, NULL, NULL, NULL, NULL, NULL, NULL),
('12116086', 'Trisnawati Juwita Tampubolon', 2016, '1991041120172050', NULL, NULL, NULL, NULL, NULL, NULL, NULL, NULL, NULL, NULL, NULL, NULL, NULL, NULL, NULL, NULL),
('12116087', 'Diki Candra Pilly', 2016, '1991041120172050', NULL, NULL, NULL, NULL, NULL, NULL, NULL, NULL, NULL, NULL, NULL, NULL, NULL, NULL, NULL, NULL),
('12116089', 'Oktaria Futri Ilhami', 2016, '1991041120172050', NULL, NULL, NULL, NULL, NULL, NULL, NULL, NULL, NULL, NULL, NULL, NULL, NULL, NULL, NULL, NULL),
('12116090', 'Gita Rusmala', 2016, '1991041120172050', NULL, NULL, NULL, NULL, NULL, NULL, NULL, NULL, NULL, NULL, NULL, NULL, NULL, NULL, NULL, NULL),
('12116091', 'Dian Puspita', 2016, '1991041120172050', NULL, NULL, NULL, NULL, NULL, NULL, NULL, NULL, NULL, NULL, NULL, NULL, NULL, NULL, NULL, NULL),
('12116092', 'Tiar Evimaria Tampubolon', 2016, '1991041120172050', NULL, NULL, NULL, NULL, NULL, NULL, NULL, NULL, NULL, NULL, NULL, NULL, NULL, NULL, NULL, NULL),
('12116093', 'Lara Ariska', 2016, '1991041120172050', NULL, NULL, NULL, NULL, NULL, NULL, NULL, NULL, NULL, NULL, NULL, NULL, NULL, NULL, NULL, NULL),
('12116094', 'Muhammad Artfanton Mahartanto', 2016, '1991041120172050', NULL, NULL, NULL, NULL, NULL, NULL, NULL, NULL, NULL, NULL, NULL, NULL, NULL, NULL, NULL, NULL),
('12116095', 'Ferdana Velon Munthe', 2016, '1991041120172050', NULL, NULL, NULL, NULL, NULL, NULL, NULL, NULL, NULL, NULL, NULL, NULL, NULL, NULL, NULL, NULL),
('12116096', 'Safna Ramadhani', 2016, '1991041120172050', NULL, NULL, NULL, NULL, NULL, NULL, NULL, NULL, NULL, NULL, NULL, NULL, NULL, NULL, NULL, NULL),
('12116097', 'Alfalah Adam Saputra', 2016, '1991041120172050', NULL, NULL, NULL, NULL, NULL, NULL, NULL, NULL, NULL, NULL, NULL, NULL, NULL, NULL, NULL, NULL),
('12116098', 'Masmur Palentino', 2016, '1991041120172050', NULL, NULL, NULL, NULL, NULL, NULL, NULL, NULL, NULL, NULL, NULL, NULL, NULL, NULL, NULL, NULL),
('12116099', 'Defri Kurniawan', 2016, '1991041120172050', NULL, NULL, NULL, NULL, NULL, NULL, NULL, NULL, NULL, NULL, NULL, NULL, NULL, NULL, NULL, NULL),
('12116100', 'Ervan Prasetyo', 2016, '1991041120172050', NULL, NULL, NULL, NULL, NULL, NULL, NULL, NULL, NULL, NULL, NULL, NULL, NULL, NULL, NULL, NULL),
('12116101', 'Alvin Firmansyah', 2016, '1991041120172050', NULL, NULL, NULL, NULL, NULL, NULL, NULL, NULL, NULL, NULL, NULL, NULL, NULL, NULL, NULL, NULL),
('12116102', 'Ermounda Desilva', 2016, '1991041120172050', NULL, NULL, NULL, NULL, NULL, NULL, NULL, NULL, NULL, NULL, NULL, NULL, NULL, NULL, NULL, NULL),
('12116103', 'Maria Raffelia Pardede', 2016, '1991041120172050', NULL, NULL, NULL, NULL, NULL, NULL, NULL, NULL, NULL, NULL, NULL, NULL, NULL, NULL, NULL, NULL),
('12116104', 'Aditya Fathur Rahman', 2016, '1991041120172050', NULL, NULL, NULL, NULL, NULL, NULL, NULL, NULL, NULL, NULL, NULL, NULL, NULL, NULL, NULL, NULL),
('12116105', 'Reinaldi Samuel Tua Manik', 2016, '1991041120172050', NULL, NULL, NULL, NULL, NULL, NULL, NULL, NULL, NULL, NULL, NULL, NULL, NULL, NULL, NULL, NULL),
('12116106', 'Fitri Cahya Wulan', 2016, '1991041120172050', NULL, NULL, NULL, NULL, NULL, NULL, NULL, NULL, NULL, NULL, NULL, NULL, NULL, NULL, NULL, NULL),
('12116107', 'Chicha Ayu Safitri', 2016, '1991041120172050', NULL, NULL, NULL, NULL, NULL, NULL, NULL, NULL, NULL, NULL, NULL, NULL, NULL, NULL, NULL, NULL),
('12116108', 'Anna S.sitohang', 2016, '1991041120172050', NULL, NULL, NULL, NULL, NULL, NULL, NULL, NULL, NULL, NULL, NULL, NULL, NULL, NULL, NULL, NULL),
('12116109', 'Nisrina Zalfa Syariefah', 2016, '1991041120172050', NULL, NULL, NULL, NULL, NULL, NULL, NULL, NULL, NULL, NULL, NULL, NULL, NULL, NULL, NULL, NULL),
('12116110', 'Parsaoran Marito Hutagaol', 2016, '1991041120172050', NULL, NULL, NULL, NULL, NULL, NULL, NULL, NULL, NULL, NULL, NULL, NULL, NULL, NULL, NULL, NULL),
('12116111', 'Lasroha M Panjaitan', 2016, '198705242015042001', NULL, NULL, NULL, NULL, NULL, NULL, NULL, NULL, NULL, NULL, NULL, NULL, NULL, NULL, NULL, NULL),
('12116113', 'Aviv Alansyah', 2016, '198705242015042001', NULL, NULL, NULL, NULL, NULL, NULL, NULL, NULL, NULL, NULL, NULL, NULL, NULL, NULL, NULL, NULL),
('12116114', 'Novia Risnawati', 2016, '198705242015042001', NULL, NULL, NULL, NULL, NULL, NULL, NULL, NULL, NULL, NULL, NULL, NULL, NULL, NULL, NULL, NULL),
('12116115', 'Shavira Widya Pangestika', 2016, '198606192015041001', NULL, NULL, NULL, NULL, NULL, NULL, NULL, NULL, NULL, NULL, NULL, NULL, NULL, NULL, NULL, NULL),
('12116116', 'Yuriza Alvionita', 2016, '198606192015041001', NULL, NULL, NULL, NULL, NULL, NULL, NULL, NULL, NULL, NULL, NULL, NULL, NULL, NULL, NULL, NULL),
('12116118', 'M. Irvan', 201, '198606192015041001', NULL, NULL, NULL, NULL, NULL, NULL, NULL, NULL, NULL, NULL, NULL, NULL, NULL, NULL, NULL, NULL),
('12116119', 'Muhammad Fadillah Harahap', 2016, '198801272018032000', NULL, NULL, NULL, NULL, NULL, NULL, NULL, NULL, NULL, NULL, NULL, NULL, NULL, NULL, NULL, NULL),
('12116120', 'Rini Exprianti Sinaga', 2016, '198801272018032000', NULL, NULL, NULL, NULL, NULL, NULL, NULL, NULL, NULL, NULL, NULL, NULL, NULL, NULL, NULL, NULL),
('12116121', 'Jhonrio A H C Pane', 2016, '198801272018032000', NULL, NULL, NULL, NULL, NULL, NULL, NULL, NULL, NULL, NULL, NULL, NULL, NULL, NULL, NULL, NULL),
('12116122', 'Muhammad Imam Arif', 2016, '198801272018032000', NULL, NULL, NULL, NULL, NULL, NULL, NULL, NULL, NULL, NULL, NULL, NULL, NULL, NULL, NULL, NULL),
('12116123', 'Adelia Gita Parera', 2016, '1989052220161000', NULL, NULL, NULL, NULL, NULL, NULL, NULL, NULL, NULL, NULL, NULL, NULL, NULL, NULL, NULL, NULL),
('12116124', 'Resti Laila Syari', 2016, '1989052220161000', NULL, NULL, NULL, NULL, NULL, NULL, NULL, NULL, NULL, NULL, NULL, NULL, NULL, NULL, NULL, NULL),
('12116125', 'M Rizky Yudhaprasetyo', 2016, '1989052220161000', NULL, NULL, NULL, NULL, NULL, NULL, NULL, NULL, NULL, NULL, NULL, NULL, NULL, NULL, NULL, NULL),
('12116126', 'Fajri Gilang Maynaldi', 2016, '1989052220161000', NULL, NULL, NULL, NULL, NULL, NULL, NULL, NULL, NULL, NULL, NULL, NULL, NULL, NULL, NULL, NULL),
('12116128', 'Lezy Nur Utari', 2016, '198710062015041003', NULL, NULL, NULL, NULL, NULL, NULL, NULL, NULL, NULL, NULL, NULL, NULL, NULL, NULL, NULL, NULL),
('12116129', 'Farras Alwan Putra Yuga', 2016, '198710062015041003', NULL, NULL, NULL, NULL, NULL, NULL, NULL, NULL, NULL, NULL, NULL, NULL, NULL, NULL, NULL, NULL),
('12116130', 'Hendra Rizki Fatoni', 2016, '198710062015041003', NULL, NULL, NULL, NULL, NULL, NULL, NULL, NULL, NULL, NULL, NULL, NULL, NULL, NULL, NULL, NULL),
('12116131', 'Devi Riza Kurniasih', 2016, '1991041120172050', NULL, NULL, NULL, NULL, NULL, NULL, NULL, NULL, NULL, NULL, NULL, NULL, NULL, NULL, NULL, NULL),
('12116132', 'Fellia Adika Anggita', 2016, '1991041120172050', NULL, NULL, NULL, NULL, NULL, NULL, NULL, NULL, NULL, NULL, NULL, NULL, NULL, NULL, NULL, NULL),
('12116133', 'Kris Hamonangan Parulian David', 2016, '1991041120172050', NULL, NULL, NULL, NULL, NULL, NULL, NULL, NULL, NULL, NULL, NULL, NULL, NULL, NULL, NULL, NULL),
('12116134', 'Siska Parulian Sitompul', 2016, '1991041120172050', NULL, NULL, NULL, NULL, NULL, NULL, NULL, NULL, NULL, NULL, NULL, NULL, NULL, NULL, NULL, NULL),
('12116135', 'Avio Qiendy Mandela', 2016, '1987071220171070', NULL, NULL, NULL, NULL, NULL, NULL, NULL, NULL, NULL, NULL, NULL, NULL, NULL, NULL, NULL, NULL),
('12116136', 'Lethfi Wahyu Akhbar', 2016, '1987071220171070', NULL, NULL, NULL, NULL, NULL, NULL, NULL, NULL, NULL, NULL, NULL, NULL, NULL, NULL, NULL, NULL),
('12116137', 'Jamalul Ikhsan', 2016, '1987071220171070', NULL, NULL, NULL, NULL, NULL, NULL, NULL, NULL, NULL, NULL, NULL, NULL, NULL, NULL, NULL, NULL),
('12116138', 'Doni Orlando', 2016, '1987071220171070', NULL, NULL, NULL, NULL, NULL, NULL, NULL, NULL, NULL, NULL, NULL, NULL, NULL, NULL, NULL, NULL),
('12116139', 'Taufiq Brilliant Askari', 2016, '1987071220171070', NULL, NULL, NULL, NULL, NULL, NULL, NULL, NULL, NULL, NULL, NULL, NULL, NULL, NULL, NULL, NULL),
('12116140', 'Ivan Zamorano Saputra Sitepu', 2016, '1987071220171070', NULL, NULL, NULL, NULL, NULL, NULL, NULL, NULL, NULL, NULL, NULL, NULL, NULL, NULL, NULL, NULL),
('12116142', 'Dimas Aulya Ramadani', 2016, '1987071220171070', NULL, NULL, NULL, NULL, NULL, NULL, NULL, NULL, NULL, NULL, NULL, NULL, NULL, NULL, NULL, NULL),
('12116143', 'Gabriel Dian Abednego', 2016, '1987071220171070', NULL, NULL, NULL, NULL, NULL, NULL, NULL, NULL, NULL, NULL, NULL, NULL, NULL, NULL, NULL, NULL),
('12116144', 'Mohammad Hafizh Nur Irsyadilla', 2016, '1987071220171070', NULL, NULL, NULL, NULL, NULL, NULL, NULL, NULL, NULL, NULL, NULL, NULL, NULL, NULL, NULL, NULL),
('12116145', 'Eldwin Manalu', 2016, '1987071220171070', NULL, NULL, NULL, NULL, NULL, NULL, NULL, NULL, NULL, NULL, NULL, NULL, NULL, NULL, NULL, NULL),
('12116146', 'Shinta Carolina Sitinjak', 2016, '1987071220171070', NULL, NULL, NULL, NULL, NULL, NULL, NULL, NULL, NULL, NULL, NULL, NULL, NULL, NULL, NULL, NULL),
('12116147', 'Panji Prasetyo', 2016, '1987071220171070', NULL, NULL, NULL, NULL, NULL, NULL, NULL, NULL, NULL, NULL, NULL, NULL, NULL, NULL, NULL, NULL),
('12116148', 'Rio Natan Suryadi Panjaitan', 2016, '1987071220171070', NULL, NULL, NULL, NULL, NULL, NULL, NULL, NULL, NULL, NULL, NULL, NULL, NULL, NULL, NULL, NULL),
('12116149', 'Elisabeth Sinaga', 2016, '1987071220171070', NULL, NULL, NULL, NULL, NULL, NULL, NULL, NULL, NULL, NULL, NULL, NULL, NULL, NULL, NULL, NULL),
('12116151', 'Amy Vagara Simanullang', 2016, '1987071220171070', NULL, NULL, NULL, NULL, NULL, NULL, NULL, NULL, NULL, NULL, NULL, NULL, NULL, NULL, NULL, NULL),
('12116152', 'Refmon Zikri Herdiwansyah', 2016, '1987071220171070', NULL, NULL, NULL, NULL, NULL, NULL, NULL, NULL, NULL, NULL, NULL, NULL, NULL, NULL, NULL, NULL),
('12116154', 'Alfian Fauzan Akbari Ali', 2016, '1987071220171070', NULL, NULL, NULL, NULL, NULL, NULL, NULL, NULL, NULL, NULL, NULL, NULL, NULL, NULL, NULL, NULL),
('12116155', 'Nugroho Prasetyo', 2016, '1987071220171070', NULL, NULL, NULL, NULL, NULL, NULL, NULL, NULL, NULL, NULL, NULL, NULL, NULL, NULL, NULL, NULL),
('12116156', 'Oktavian Teguh Bagaskara', 2016, '1987071220171070', NULL, NULL, NULL, NULL, NULL, NULL, NULL, NULL, NULL, NULL, NULL, NULL, NULL, NULL, NULL, NULL),
('12116157', 'Barca Yudha Setiawan', 2016, '1987071220171070', NULL, NULL, NULL, NULL, NULL, NULL, NULL, NULL, NULL, NULL, NULL, NULL, NULL, NULL, NULL, NULL),
('12116158', 'Resy Dwi Laras', 2016, '1987071220171070', NULL, NULL, NULL, NULL, NULL, NULL, NULL, NULL, NULL, NULL, NULL, NULL, NULL, NULL, NULL, NULL),
('12116159', 'Amal Nur Ikhsan', 2016, '1987071220171070', NULL, NULL, NULL, NULL, NULL, NULL, NULL, NULL, NULL, NULL, NULL, NULL, NULL, NULL, NULL, NULL),
('12116160', 'Prana Al Mahkya', 2016, '1987071220171070', NULL, NULL, NULL, NULL, NULL, NULL, NULL, NULL, NULL, NULL, NULL, NULL, NULL, NULL, NULL, NULL),
('12116165', 'Rani Meiliana', 2016, '1987071220171070', NULL, NULL, NULL, NULL, NULL, NULL, NULL, NULL, NULL, NULL, NULL, NULL, NULL, NULL, NULL, NULL),
('12117001', 'Rizqi Chudori', 2017, '1990090420182069', NULL, NULL, NULL, NULL, NULL, NULL, NULL, NULL, NULL, NULL, NULL, NULL, NULL, NULL, NULL, NULL),
('12117002', 'Yolanda Elok Sasmitasari', 2017, '1991061020181090', NULL, NULL, NULL, NULL, NULL, NULL, NULL, NULL, NULL, NULL, NULL, NULL, NULL, NULL, NULL, NULL),
('12117003', 'Oktaviani Rohayu', 2017, '1991081420181100', NULL, NULL, NULL, NULL, NULL, NULL, NULL, NULL, NULL, NULL, NULL, NULL, NULL, NULL, NULL, NULL),
('12117005', 'Muhammad Teguh Rianto', 2017, '1987062720181100', NULL, NULL, NULL, NULL, NULL, NULL, NULL, NULL, NULL, NULL, NULL, NULL, NULL, NULL, NULL, NULL),
('12117006', 'Devi Yulia Anggraeny', 2017, '1991071720182080', NULL, NULL, NULL, NULL, NULL, NULL, NULL, NULL, NULL, NULL, NULL, NULL, NULL, NULL, NULL, NULL),
('12117007', 'Ganang Panggayuh', 2017, '1991071720182080', NULL, NULL, NULL, NULL, NULL, NULL, NULL, NULL, NULL, NULL, NULL, NULL, NULL, NULL, NULL, NULL),
('12117008', 'Rizky Setiawan', 2017, '1990090420182069', NULL, NULL, NULL, NULL, NULL, NULL, NULL, NULL, NULL, NULL, NULL, NULL, NULL, NULL, NULL, NULL),
('12117009', 'Lestari Sukma Apriliana', 2017, '1991061020181090', NULL, NULL, NULL, NULL, NULL, NULL, NULL, NULL, NULL, NULL, NULL, NULL, NULL, NULL, NULL, NULL),
('12117010', 'Reni Wijaya', 2017, '1987062720181100', NULL, NULL, NULL, NULL, NULL, NULL, NULL, NULL, NULL, NULL, NULL, NULL, NULL, NULL, NULL, NULL),
('12117011', 'Mustika Dharma Ningtyas', 2017, '1991061020181090', NULL, NULL, NULL, NULL, NULL, NULL, NULL, NULL, NULL, NULL, NULL, NULL, NULL, NULL, NULL, NULL),
('12117012', 'Diah Ayu Widyani', 2017, '1991061020181090', NULL, NULL, NULL, NULL, NULL, NULL, NULL, NULL, NULL, NULL, NULL, NULL, NULL, NULL, NULL, NULL),
('12117013', 'Dwinda Aldatri', 2017, '1991061020181090', NULL, NULL, NULL, NULL, NULL, NULL, NULL, NULL, NULL, NULL, NULL, NULL, NULL, NULL, NULL, NULL),
('12117014', 'Seni Gustiani', 2017, '1987062720181100', NULL, NULL, NULL, NULL, NULL, NULL, NULL, NULL, NULL, NULL, NULL, NULL, NULL, NULL, NULL, NULL),
('12117015', 'Fatkhur Rohman', 2017, '1990090420182069', NULL, NULL, NULL, NULL, NULL, NULL, NULL, NULL, NULL, NULL, NULL, NULL, NULL, NULL, NULL, NULL),
('12117016', 'Uut Dwi Ulfa', 2017, '1991071720182080', NULL, NULL, NULL, NULL, NULL, NULL, NULL, NULL, NULL, NULL, NULL, NULL, NULL, NULL, NULL, NULL),
('12117017', 'Fortis L.G Sianturi', 2017, '1991071720182080', NULL, NULL, NULL, NULL, NULL, NULL, NULL, NULL, NULL, NULL, NULL, NULL, NULL, NULL, NULL, NULL),
('12117018', 'Rosakanina Gusniarti', 2017, '1991061020181090', NULL, NULL, NULL, NULL, NULL, NULL, NULL, NULL, NULL, NULL, NULL, NULL, NULL, NULL, NULL, NULL),
('12117019', 'Deanatha A Ramadhini', 2017, '1990090420182069', NULL, NULL, NULL, NULL, NULL, NULL, NULL, NULL, NULL, NULL, NULL, NULL, NULL, NULL, NULL, NULL),
('12117020', 'Indah Nurhayati', 2017, '1990090420182069', NULL, NULL, NULL, NULL, NULL, NULL, NULL, NULL, NULL, NULL, NULL, NULL, NULL, NULL, NULL, NULL),
('12117022', 'Evi Oktariswati', 2017, '1991081420181100', NULL, NULL, NULL, NULL, NULL, NULL, NULL, NULL, NULL, NULL, NULL, NULL, NULL, NULL, NULL, NULL),
('12117023', 'Yohana Stefani Boka S.', 2017, '1987062720181100', NULL, NULL, NULL, NULL, NULL, NULL, NULL, NULL, NULL, NULL, NULL, NULL, NULL, NULL, NULL, NULL),
('12117024', 'Puji Lestari', 2017, '1987062720181100', NULL, NULL, NULL, NULL, NULL, NULL, NULL, NULL, NULL, NULL, NULL, NULL, NULL, NULL, NULL, NULL),
('12117025', 'Mustika', 2017, '1987062720181100', NULL, NULL, NULL, NULL, NULL, NULL, NULL, NULL, NULL, NULL, NULL, NULL, NULL, NULL, NULL, NULL),
('12117026', 'Elda Deka Mayestri', 2017, '1991061020181090', NULL, NULL, NULL, NULL, NULL, NULL, NULL, NULL, NULL, NULL, NULL, NULL, NULL, NULL, NULL, NULL),
('12117027', 'Annisa Nurhidayati', 2017, '1990090420182069', NULL, NULL, NULL, NULL, NULL, NULL, NULL, NULL, NULL, NULL, NULL, NULL, NULL, NULL, NULL, NULL),
('12117028', 'Ariefa Radhitya', 2017, '1990090420182069', NULL, NULL, NULL, NULL, NULL, NULL, NULL, NULL, NULL, NULL, NULL, NULL, NULL, NULL, NULL, NULL),
('12117029', 'Alan Pangestu', 2017, '1991081420181100', NULL, NULL, NULL, NULL, NULL, NULL, NULL, NULL, NULL, NULL, NULL, NULL, NULL, NULL, NULL, NULL),
('12117030', 'Winda Lourenza Hutagalung', 2017, '1991061020181090', NULL, NULL, NULL, NULL, NULL, NULL, NULL, NULL, NULL, NULL, NULL, NULL, NULL, NULL, NULL, NULL),
('12117031', 'Hayatun Nufus Hukama', 2017, '1991061020181090', NULL, NULL, NULL, NULL, NULL, NULL, NULL, NULL, NULL, NULL, NULL, NULL, NULL, NULL, NULL, NULL),
('12117032', 'Sali Wahyudi', 2017, '1991061020181090', NULL, NULL, NULL, NULL, NULL, NULL, NULL, NULL, NULL, NULL, NULL, NULL, NULL, NULL, NULL, NULL),
('12117033', 'Venny Rachmasari', 2017, '1991061020181090', NULL, NULL, NULL, NULL, NULL, NULL, NULL, NULL, NULL, NULL, NULL, NULL, NULL, NULL, NULL, NULL),
('12117034', 'Zohria Oktasari', 2017, '1991061020181090', NULL, NULL, NULL, NULL, NULL, NULL, NULL, NULL, NULL, NULL, NULL, NULL, NULL, NULL, NULL, NULL),
('12117035', 'Novia Purnama Suci', 2017, '1991061020181090', NULL, NULL, NULL, NULL, NULL, NULL, NULL, NULL, NULL, NULL, NULL, NULL, NULL, NULL, NULL, NULL),
('12117036', 'Nurlailatun Hikmah Arona', 2017, '1991071720182080', NULL, NULL, NULL, NULL, NULL, NULL, NULL, NULL, NULL, NULL, NULL, NULL, NULL, NULL, NULL, NULL),
('12117037', 'Amanda Sapphira Yasmine', 2017, '1987062720181100', NULL, NULL, NULL, NULL, NULL, NULL, NULL, NULL, NULL, NULL, NULL, NULL, NULL, NULL, NULL, NULL),
('12117038', 'Malik Abdul Aziz', 2017, '1991061020181090', NULL, NULL, NULL, NULL, NULL, NULL, NULL, NULL, NULL, NULL, NULL, NULL, NULL, NULL, NULL, NULL),
('12117039', 'Andre Lausesa', 2017, '1991081420181100', NULL, NULL, NULL, NULL, NULL, NULL, NULL, NULL, NULL, NULL, NULL, NULL, NULL, NULL, NULL, NULL),
('12117040', 'Tri Andini', 2017, '1990090420182069', NULL, NULL, NULL, NULL, NULL, NULL, NULL, NULL, NULL, NULL, NULL, NULL, NULL, NULL, NULL, NULL),
('12117041', 'Santo Tri Prabowo', 2017, '1991081420181100', NULL, NULL, NULL, NULL, NULL, NULL, NULL, NULL, NULL, NULL, NULL, NULL, NULL, NULL, NULL, NULL),
('12117042', 'Anggreini Siburian', 2017, '1991071720182080', NULL, NULL, NULL, NULL, NULL, NULL, NULL, NULL, NULL, NULL, NULL, NULL, NULL, NULL, NULL, NULL),
('12117043', 'Anjali Syalsabilah Putri', 2017, '1991081420181100', NULL, NULL, NULL, NULL, NULL, NULL, NULL, NULL, NULL, NULL, NULL, NULL, NULL, NULL, NULL, NULL),
('12117044', 'Rizca Vanden Bokshow', 2017, '1990090420182069', NULL, NULL, NULL, NULL, NULL, NULL, NULL, NULL, NULL, NULL, NULL, NULL, NULL, NULL, NULL, NULL),
('12117045', 'Chairul Anwar', 2017, '1991081420181100', NULL, NULL, NULL, NULL, NULL, NULL, NULL, NULL, NULL, NULL, NULL, NULL, NULL, NULL, NULL, NULL),
('12117046', 'Robian Asmaul Fajri', 2017, '1991061020181090', NULL, NULL, NULL, NULL, NULL, NULL, NULL, NULL, NULL, NULL, NULL, NULL, NULL, NULL, NULL, NULL),
('12117047', 'Evita Putri Fadhillah', 2017, '1991061020181090', NULL, NULL, NULL, NULL, NULL, NULL, NULL, NULL, NULL, NULL, NULL, NULL, NULL, NULL, NULL, NULL),
('12117048', 'Widya Kirana Gunawan', 2017, '1990090420182069', NULL, NULL, NULL, NULL, NULL, NULL, NULL, NULL, NULL, NULL, NULL, NULL, NULL, NULL, NULL, NULL),
('12117049', 'Dea Galuh Cahyaningrum', 2017, '1991061020181090', NULL, NULL, NULL, NULL, NULL, NULL, NULL, NULL, NULL, NULL, NULL, NULL, NULL, NULL, NULL, NULL),
('12117050', 'Wahyu Hapiz Saputra', 2017, '1991061020181090', NULL, NULL, NULL, NULL, NULL, NULL, NULL, NULL, NULL, NULL, NULL, NULL, NULL, NULL, NULL, NULL),
('12117051', 'Noer Muhammad Farhan', 2017, '1990090420182069', NULL, NULL, NULL, NULL, NULL, NULL, NULL, NULL, NULL, NULL, NULL, NULL, NULL, NULL, NULL, NULL),
('12117052', 'Ferdynan Husien', 2017, '1990090420182069', NULL, NULL, NULL, NULL, NULL, NULL, NULL, NULL, NULL, NULL, NULL, NULL, NULL, NULL, NULL, NULL),
('12117053', 'Muh Labib Zamakhsyari', 2017, '1987062720181100', NULL, NULL, NULL, NULL, NULL, NULL, NULL, NULL, NULL, NULL, NULL, NULL, NULL, NULL, NULL, NULL),
('12117054', 'Lady Yaumilia', 2017, '1987062720181100', NULL, NULL, NULL, NULL, NULL, NULL, NULL, NULL, NULL, NULL, NULL, NULL, NULL, NULL, NULL, NULL),
('12117055', 'Muhammad Alief Darmawan', 2017, '1987062720181100', NULL, NULL, NULL, NULL, NULL, NULL, NULL, NULL, NULL, NULL, NULL, NULL, NULL, NULL, NULL, NULL),
('12117056', 'Iga Ayu Octaviana', 2017, '1991081420181100', NULL, NULL, NULL, NULL, NULL, NULL, NULL, NULL, NULL, NULL, NULL, NULL, NULL, NULL, NULL, NULL),
('12117057', 'Eliza Veronica Zanetta', 2017, '1987062720181100', NULL, NULL, NULL, NULL, NULL, NULL, NULL, NULL, NULL, NULL, NULL, NULL, NULL, NULL, NULL, NULL),
('12117058', 'Liris Ajeng Anggreini', 2017, '1991061020181090', NULL, NULL, NULL, NULL, NULL, NULL, NULL, NULL, NULL, NULL, NULL, NULL, NULL, NULL, NULL, NULL),
('12117059', 'Yohanes Novendra Dwiyan Silala', 2017, '1991061020181090', NULL, NULL, NULL, NULL, NULL, NULL, NULL, NULL, NULL, NULL, NULL, NULL, NULL, NULL, NULL, NULL),
('12117060', 'Rury Delvatiwi Martianda', 2017, '1991061020181090', NULL, NULL, NULL, NULL, NULL, NULL, NULL, NULL, NULL, NULL, NULL, NULL, NULL, NULL, NULL, NULL),
('12117061', 'Muhammad Refi Gumara', 2017, '1991071720182080', NULL, NULL, NULL, NULL, NULL, NULL, NULL, NULL, NULL, NULL, NULL, NULL, NULL, NULL, NULL, NULL),
('12117062', 'Dian Zulpa', 2017, '1990090420182069', NULL, NULL, NULL, NULL, NULL, NULL, NULL, NULL, NULL, NULL, NULL, NULL, NULL, NULL, NULL, NULL),
('12117063', 'Ari Pamuka Dewa', 2017, '1991081420181100', NULL, NULL, NULL, NULL, NULL, NULL, NULL, NULL, NULL, NULL, NULL, NULL, NULL, NULL, NULL, NULL),
('12117064', 'Muhammad Irfan', 2017, '1991061020181090', NULL, NULL, NULL, NULL, NULL, NULL, NULL, NULL, NULL, NULL, NULL, NULL, NULL, NULL, NULL, NULL),
('12117065', 'Muhammad Iqbal Adri', 2017, '1991081420181100', NULL, NULL, NULL, NULL, NULL, NULL, NULL, NULL, NULL, NULL, NULL, NULL, NULL, NULL, NULL, NULL),
('12117067', 'Naufal Hilmi Mubarok', 2017, '1991061020181090', NULL, NULL, NULL, NULL, NULL, NULL, NULL, NULL, NULL, NULL, NULL, NULL, NULL, NULL, NULL, NULL),
('12117068', 'Ari Dita Anggraini', 2017, '1991081420181100', NULL, NULL, NULL, NULL, NULL, NULL, NULL, NULL, NULL, NULL, NULL, NULL, NULL, NULL, NULL, NULL),
('12117069', 'Efraim Fernandes Saragih', 2017, '1991071720182080', NULL, NULL, NULL, NULL, NULL, NULL, NULL, NULL, NULL, NULL, NULL, NULL, NULL, NULL, NULL, NULL),
('12117071', 'Fricha Sundang Maulana', 2017, '1991061020181090', NULL, NULL, NULL, NULL, NULL, NULL, NULL, NULL, NULL, NULL, NULL, NULL, NULL, NULL, NULL, NULL),
('12117072', 'Oktavia Nelson', 2017, '1991081420181100', NULL, NULL, NULL, NULL, NULL, NULL, NULL, NULL, NULL, NULL, NULL, NULL, NULL, NULL, NULL, NULL),
('12117073', 'Aserbrema Barus', 2017, '1987062720181100', NULL, NULL, NULL, NULL, NULL, NULL, NULL, NULL, NULL, NULL, NULL, NULL, NULL, NULL, NULL, NULL),
('12117074', 'Alfian', 2017, '1990090420182069', NULL, NULL, NULL, NULL, NULL, NULL, NULL, NULL, NULL, NULL, NULL, NULL, NULL, NULL, NULL, NULL),
('12117075', 'Kadek Julia Astiti', 2017, '1990090420182069', NULL, NULL, NULL, NULL, NULL, NULL, NULL, NULL, NULL, NULL, NULL, NULL, NULL, NULL, NULL, NULL),
('12117076', 'Muda Setiwawan M S', 2017, '1991071720182080', NULL, NULL, NULL, NULL, NULL, NULL, NULL, NULL, NULL, NULL, NULL, NULL, NULL, NULL, NULL, NULL),
('12117077', 'Fahri Rafif Waskito', 2017, '1991071720182080', NULL, NULL, NULL, NULL, NULL, NULL, NULL, NULL, NULL, NULL, NULL, NULL, NULL, NULL, NULL, NULL),
('12117078', 'Ardi Muhammad', 2017, '1991081420181100', NULL, NULL, NULL, NULL, NULL, NULL, NULL, NULL, NULL, NULL, NULL, NULL, NULL, NULL, NULL, NULL),
('12117079', 'Yola Wulanda Masri', 2017, '1991081420181100', NULL, NULL, NULL, NULL, NULL, NULL, NULL, NULL, NULL, NULL, NULL, NULL, NULL, NULL, NULL, NULL),
('12117080', 'Muhammad Alrendy Sahay', 2017, '1991071720182080', NULL, NULL, NULL, NULL, NULL, NULL, NULL, NULL, NULL, NULL, NULL, NULL, NULL, NULL, NULL, NULL),
('12117081', 'Yoas Krisanto Ambarita', 2017, '1991071720182080', NULL, NULL, NULL, NULL, NULL, NULL, NULL, NULL, NULL, NULL, NULL, NULL, NULL, NULL, NULL, NULL),
('12117082', 'Yeni Ester Octavia', 2017, '1991061020181090', NULL, NULL, NULL, NULL, NULL, NULL, NULL, NULL, NULL, NULL, NULL, NULL, NULL, NULL, NULL, NULL),
('12117083', 'Alhumamy Ihza Anindhita', 2017, '1990090420182069', NULL, NULL, NULL, NULL, NULL, NULL, NULL, NULL, NULL, NULL, NULL, NULL, NULL, NULL, NULL, NULL),
('12117084', 'Anggraeni Mulyandari', 2017, '1991081420181100', NULL, NULL, NULL, NULL, NULL, NULL, NULL, NULL, NULL, NULL, NULL, NULL, NULL, NULL, NULL, NULL),
('12117085', 'Ayyas Fathurahman', 2017, '1991071720182080', NULL, NULL, NULL, NULL, NULL, NULL, NULL, NULL, NULL, NULL, NULL, NULL, NULL, NULL, NULL, NULL),
('12117086', 'Alfa Riezky Priyaditya', 2017, '1990090420182069', NULL, NULL, NULL, NULL, NULL, NULL, NULL, NULL, NULL, NULL, NULL, NULL, NULL, NULL, NULL, NULL),
('12117087', 'Edo Kurnia Amirio', 2017, '1990090420182069', NULL, NULL, NULL, NULL, NULL, NULL, NULL, NULL, NULL, NULL, NULL, NULL, NULL, NULL, NULL, NULL),
('12117088', 'Sri Anggraini', 2017, '1991081420181100', NULL, NULL, NULL, NULL, NULL, NULL, NULL, NULL, NULL, NULL, NULL, NULL, NULL, NULL, NULL, NULL),
('12117089', 'Gopindo Wahyu Samosir', 2017, '1987062720181100', NULL, NULL, NULL, NULL, NULL, NULL, NULL, NULL, NULL, NULL, NULL, NULL, NULL, NULL, NULL, NULL),
('12117090', 'Wisnu Prayudha', 2017, '1987062720181100', NULL, NULL, NULL, NULL, NULL, NULL, NULL, NULL, NULL, NULL, NULL, NULL, NULL, NULL, NULL, NULL),
('12117091', 'Annisa Farah', 2017, '1991071720182080', NULL, NULL, NULL, NULL, NULL, NULL, NULL, NULL, NULL, NULL, NULL, NULL, NULL, NULL, NULL, NULL),
('12117092', 'Fahmi Ilhamsyah', 2017, '1990090420182069', NULL, NULL, NULL, NULL, NULL, NULL, NULL, NULL, NULL, NULL, NULL, NULL, NULL, NULL, NULL, NULL),
('12117093', 'Muthiah Sari', 2017, '1991061020181090', NULL, NULL, NULL, NULL, NULL, NULL, NULL, NULL, NULL, NULL, NULL, NULL, NULL, NULL, NULL, NULL),
('12117094', 'Agastya Pramadya', 2017, '1991071720182080', NULL, NULL, NULL, NULL, NULL, NULL, NULL, NULL, NULL, NULL, NULL, NULL, NULL, NULL, NULL, NULL),
('12117095', 'Nahdah Novia', 2017, '1987062720181100', NULL, NULL, NULL, NULL, NULL, NULL, NULL, NULL, NULL, NULL, NULL, NULL, NULL, NULL, NULL, NULL),
('12117096', 'Novta Artila Sipayung', 2017, '1991071720182080', NULL, NULL, NULL, NULL, NULL, NULL, NULL, NULL, NULL, NULL, NULL, NULL, NULL, NULL, NULL, NULL),
('12117097', 'Juanda Butarbutar', 2017, '1987062720181100', NULL, NULL, NULL, NULL, NULL, NULL, NULL, NULL, NULL, NULL, NULL, NULL, NULL, NULL, NULL, NULL),
('12117098', 'Julianus Edgar', 2017, '1987062720181100', NULL, NULL, NULL, NULL, NULL, NULL, NULL, NULL, NULL, NULL, NULL, NULL, NULL, NULL, NULL, NULL),
('12117099', 'Dwiki Viergoesta Rahmad', 2017, '1991061020181090', NULL, NULL, NULL, NULL, NULL, NULL, NULL, NULL, NULL, NULL, NULL, NULL, NULL, NULL, NULL, NULL),
('12117100', 'Andreas Sohmono Berutu', 2017, '1987062720181100', NULL, NULL, NULL, NULL, NULL, NULL, NULL, NULL, NULL, NULL, NULL, NULL, NULL, NULL, NULL, NULL),
('12117101', 'Muhammad Rizqi Efrian', 2017, '1991071720182080', NULL, NULL, NULL, NULL, NULL, NULL, NULL, NULL, NULL, NULL, NULL, NULL, NULL, NULL, NULL, NULL),
('12117102', 'Aqil Muqaffi R A Mahmudy', 2017, '1987062720181100', NULL, NULL, NULL, NULL, NULL, NULL, NULL, NULL, NULL, NULL, NULL, NULL, NULL, NULL, NULL, NULL),
('12117103', 'Patrick Gideon Sirait', 2017, '1987062720181100', NULL, NULL, NULL, NULL, NULL, NULL, NULL, NULL, NULL, NULL, NULL, NULL, NULL, NULL, NULL, NULL),
('12117104', 'Wirah Wizendro', 2017, '1991081420181100', NULL, NULL, NULL, NULL, NULL, NULL, NULL, NULL, NULL, NULL, NULL, NULL, NULL, NULL, NULL, NULL),
('12117105', 'Nisa Hamdani Pratiwi', 2017, '1991081420181100', NULL, NULL, NULL, NULL, NULL, NULL, NULL, NULL, NULL, NULL, NULL, NULL, NULL, NULL, NULL, NULL),
('12117106', 'Francisco Martin', 2017, '1991081420181100', NULL, NULL, NULL, NULL, NULL, NULL, NULL, NULL, NULL, NULL, NULL, NULL, NULL, NULL, NULL, NULL),
('12117107', 'Iqbal Suwarno', 2017, '1990090420182069', NULL, NULL, NULL, NULL, NULL, NULL, NULL, NULL, NULL, NULL, NULL, NULL, NULL, NULL, NULL, NULL),
('12117108', 'Agungsewu Ajie Pratama', 2017, '1990090420182069', NULL, NULL, NULL, NULL, NULL, NULL, NULL, NULL, NULL, NULL, NULL, NULL, NULL, NULL, NULL, NULL),
('12117109', 'Teguh Tirta Fadhilah', 2017, '1990090420182069', NULL, NULL, NULL, NULL, NULL, NULL, NULL, NULL, NULL, NULL, NULL, NULL, NULL, NULL, NULL, NULL),
('12117110', 'Fathurahman A Siregar', 2017, '1987062720181100', NULL, NULL, NULL, NULL, NULL, NULL, NULL, NULL, NULL, NULL, NULL, NULL, NULL, NULL, NULL, NULL),
('12117111', 'Pangeran G Lumbantoruan', 2017, '1987062720181100', NULL, NULL, NULL, NULL, NULL, NULL, NULL, NULL, NULL, NULL, NULL, NULL, NULL, NULL, NULL, NULL),
('12117112', 'Anggiat Paul Napitupulu', 2017, '1991071720182080', NULL, NULL, NULL, NULL, NULL, NULL, NULL, NULL, NULL, NULL, NULL, NULL, NULL, NULL, NULL, NULL),
('12117113', 'M.Wahid Khoirun Nahar', 2017, '1991071720182080', NULL, NULL, NULL, NULL, NULL, NULL, NULL, NULL, NULL, NULL, NULL, NULL, NULL, NULL, NULL, NULL),
('12117114', 'Azura Nur Azmi', 2017, '1987062720181100', NULL, NULL, NULL, NULL, NULL, NULL, NULL, NULL, NULL, NULL, NULL, NULL, NULL, NULL, NULL, NULL),
('12117115', 'Sonia Romaito Pasaribu', 2017, '1991071720182080', NULL, NULL, NULL, NULL, NULL, NULL, NULL, NULL, NULL, NULL, NULL, NULL, NULL, NULL, NULL, NULL),
('12117116', 'Rivky Amierullah Rambe', 2017, '1991071720182080', NULL, NULL, NULL, NULL, NULL, NULL, NULL, NULL, NULL, NULL, NULL, NULL, NULL, NULL, NULL, NULL);
INSERT INTO `mahasiswa` (`nim_mahasiswa`, `nama_mahasiswa`, `angkatan`, `nip_dosen`, `nama_wali`, `no_telp_wali`, `tempat_lahir`, `tanggal_lahir`, `jenis_kelamin`, `email`, `no_telp_mahasiswa`, `foto_mahasiswa`, `semester_1`, `semester_2`, `semester_3`, `semester_4`, `semester_5`, `semester_6`, `semester_7`, `semester_8`) VALUES
('12117117', 'Ridwan Ramadhan', 2017, '1991061020181090', NULL, NULL, NULL, NULL, NULL, NULL, NULL, NULL, NULL, NULL, NULL, NULL, NULL, NULL, NULL, NULL),
('12117118', 'Rafiq Perdana Latif', 2017, '1990090420182069', NULL, NULL, NULL, NULL, NULL, NULL, NULL, NULL, NULL, NULL, NULL, NULL, NULL, NULL, NULL, NULL),
('12117119', 'Remon', 2017, '1991081420181100', NULL, NULL, NULL, NULL, NULL, NULL, NULL, NULL, NULL, NULL, NULL, NULL, NULL, NULL, NULL, NULL),
('12117120', 'Thariq Ahsanul', 2017, '1991081420181100', NULL, NULL, NULL, NULL, NULL, NULL, NULL, NULL, NULL, NULL, NULL, NULL, NULL, NULL, NULL, NULL),
('12117121', 'Siti Rina Yuliana Hasibuan', 2017, '1991071720182080', NULL, NULL, NULL, NULL, NULL, NULL, NULL, NULL, NULL, NULL, NULL, NULL, NULL, NULL, NULL, NULL),
('12117122', 'Fiko Bradi Wibowo', 2017, '1990090420182069', NULL, NULL, NULL, NULL, NULL, NULL, NULL, NULL, NULL, NULL, NULL, NULL, NULL, NULL, NULL, NULL),
('12117123', 'Desta Nandiyasari', 2017, '1990090420182069', NULL, NULL, NULL, NULL, NULL, NULL, NULL, NULL, NULL, NULL, NULL, NULL, NULL, NULL, NULL, NULL),
('12117124', 'Yemima Nainggolan', 2017, '1991071720182080', NULL, NULL, NULL, NULL, NULL, NULL, NULL, NULL, NULL, NULL, NULL, NULL, NULL, NULL, NULL, NULL),
('12117125', 'Mutiara Alfatihah', 2017, '1990090420182069', NULL, NULL, NULL, NULL, NULL, NULL, NULL, NULL, NULL, NULL, NULL, NULL, NULL, NULL, NULL, NULL),
('12117126', 'Atika Mega Sri Wahyuni', 2017, '1991081420181100', NULL, NULL, NULL, NULL, NULL, NULL, NULL, NULL, NULL, NULL, NULL, NULL, NULL, NULL, NULL, NULL),
('12117127', 'Alex F Munthe', 2017, '1987062720181100', NULL, NULL, NULL, NULL, NULL, NULL, NULL, NULL, NULL, NULL, NULL, NULL, NULL, NULL, NULL, NULL),
('12117128', 'Michael Febrian Mardongan', 2017, '1991071720182080', NULL, NULL, NULL, NULL, NULL, NULL, NULL, NULL, NULL, NULL, NULL, NULL, NULL, NULL, NULL, NULL),
('12117129', 'Restu Wika Bina', 2017, '1990090420182069', NULL, NULL, NULL, NULL, NULL, NULL, NULL, NULL, NULL, NULL, NULL, NULL, NULL, NULL, NULL, NULL),
('12117130', 'Agnez Ridha Zatafatila', 2017, '1991061020181090', NULL, NULL, NULL, NULL, NULL, NULL, NULL, NULL, NULL, NULL, NULL, NULL, NULL, NULL, NULL, NULL),
('12117131', 'Didian Noveni Waruwu', 2017, '1987062720181100', NULL, NULL, NULL, NULL, NULL, NULL, NULL, NULL, NULL, NULL, NULL, NULL, NULL, NULL, NULL, NULL),
('12117132', 'Rahmita Fitri Ardela', 2017, '1990090420182069', NULL, NULL, NULL, NULL, NULL, NULL, NULL, NULL, NULL, NULL, NULL, NULL, NULL, NULL, NULL, NULL),
('12117133', 'Liendo Diva S Aruan', 2017, '1987062720181100', NULL, NULL, NULL, NULL, NULL, NULL, NULL, NULL, NULL, NULL, NULL, NULL, NULL, NULL, NULL, NULL),
('12117134', 'Kevin Heshell', 2017, '1991071720182080', NULL, NULL, NULL, NULL, NULL, NULL, NULL, NULL, NULL, NULL, NULL, NULL, NULL, NULL, NULL, NULL),
('12117135', 'Rosa Elida Purba', 2017, '1987062720181100', NULL, NULL, NULL, NULL, NULL, NULL, NULL, NULL, NULL, NULL, NULL, NULL, NULL, NULL, NULL, NULL),
('12117136', 'Lewinda Gultom', 2017, '1987062720181100', NULL, NULL, NULL, NULL, NULL, NULL, NULL, NULL, NULL, NULL, NULL, NULL, NULL, NULL, NULL, NULL),
('12117137', 'Sandro Manurung', 2017, '1991071720182080', NULL, NULL, NULL, NULL, NULL, NULL, NULL, NULL, NULL, NULL, NULL, NULL, NULL, NULL, NULL, NULL),
('12117139', 'Vera Sarah Simatupang', 2017, '1987062720181100', NULL, NULL, NULL, NULL, NULL, NULL, NULL, NULL, NULL, NULL, NULL, NULL, NULL, NULL, NULL, NULL),
('12117140', 'vinsensius Irwanto R', 2017, '1987062720181100', NULL, NULL, NULL, NULL, NULL, NULL, NULL, NULL, NULL, NULL, NULL, NULL, NULL, NULL, NULL, NULL),
('12117141', 'Diki Setyawan', 2017, '1991081420181100', NULL, NULL, NULL, NULL, NULL, NULL, NULL, NULL, NULL, NULL, NULL, NULL, NULL, NULL, NULL, NULL),
('12117142', 'Bayu Aria Mahardika', 2017, '1991081420181100', NULL, NULL, NULL, NULL, NULL, NULL, NULL, NULL, NULL, NULL, NULL, NULL, NULL, NULL, NULL, NULL),
('12117143', 'Muhammad Ichsan', 2017, '1991081420181100', NULL, NULL, NULL, NULL, NULL, NULL, NULL, NULL, NULL, NULL, NULL, NULL, NULL, NULL, NULL, NULL),
('12117144', 'Dafa Febriansyah', 2017, '1991071720182080', NULL, NULL, NULL, NULL, NULL, NULL, NULL, NULL, NULL, NULL, NULL, NULL, NULL, NULL, NULL, NULL),
('12117145', 'Putri Iska Aldina', 2017, '1991081420181100', NULL, NULL, NULL, NULL, NULL, NULL, NULL, NULL, NULL, NULL, NULL, NULL, NULL, NULL, NULL, NULL),
('12117146', 'Danny Akbar', 2017, '1991081420181100', NULL, NULL, NULL, NULL, NULL, NULL, NULL, NULL, NULL, NULL, NULL, NULL, NULL, NULL, NULL, NULL),
('12117147', 'Citra Puspita Sari', 2017, '1991081420181100', NULL, NULL, NULL, NULL, NULL, NULL, NULL, NULL, NULL, NULL, NULL, NULL, NULL, NULL, NULL, NULL),
('12117150', 'Salsabila Tsania Putri', 2017, '1987071220171070', NULL, NULL, NULL, NULL, NULL, NULL, NULL, NULL, NULL, NULL, NULL, NULL, NULL, NULL, NULL, NULL),
('12117151', 'Fira Pratiwi Darsono', 2017, '198710062015041003', NULL, NULL, NULL, NULL, NULL, NULL, NULL, NULL, NULL, NULL, NULL, NULL, NULL, NULL, NULL, NULL),
('14116101', 'Muhamad Enrinal Zulhimar', 2016, '1991081420181100', NULL, NULL, NULL, NULL, NULL, NULL, NULL, NULL, 4.00, NULL, NULL, NULL, NULL, NULL, NULL, NULL);

-- --------------------------------------------------------

--
-- Table structure for table `ticket`
--

CREATE TABLE `ticket` (
  `id_ticket` int(10) NOT NULL,
  `subjek` varchar(1000) DEFAULT NULL,
  `jadwal` datetime DEFAULT NULL
) ENGINE=InnoDB DEFAULT CHARSET=latin1;

-- --------------------------------------------------------

--
-- Table structure for table `users`
--

CREATE TABLE `users` (
  `id` int(11) NOT NULL,
  `username` varchar(50) NOT NULL,
  `password` varchar(50) NOT NULL,
  `level` int(11) NOT NULL
) ENGINE=InnoDB DEFAULT CHARSET=latin1;

--
-- Dumping data for table `users`
--

INSERT INTO `users` (`id`, `username`, `password`, `level`) VALUES
(1, '14116102', '9c86fb252b5480ed4ef1fcee9cdf1fe7', 1),
(3, '198606192015041001', 'a2d8c631d931f604679158579ee06a45', 2),
(4, '198705242015042001', '018752d25a94d6a5f062b01a47f25982', 2),
(5, '1987062720181100', 'becc172742e4067100dd77ea0ba6b827', 2),
(6, '1987071220171070', 'f379c3d58abef366b468738f7d45b742', 2),
(7, '198710062015041003', '8e4d0a7b3092a5b2a244fb87265f892d', 2),
(8, '198801272018032000', '10ee53c0f26fccb83775fc11cbbe13ac', 2),
(9, '1989052220161000', '5934a34029c2a7ec774182757cc8ff6f', 2),
(10, '1990090420182069', 'd26494aea7ddb306abc9449b577d1c12', 2),
(11, '1991041120172050', '70c4dff21fad9388ec382b9206069188', 2),
(12, '1991061020181090', '2eb276ff09a3f123a17c91d62672f54e', 2),
(13, '1991071720182080', 'f812a3873b9819804b2785228e7e46cf', 2),
(14, '1991081420181100', '4b3ed5b20a9445c0bf1697e6f2455e43', 2),
(16, '12112009', 'ab6cc73277375f6f2049e7c149522314', 3),
(17, '12113002', '560d4d88fe07b604481e5125479c9a29', 3),
(18, '12113004', '4ece526c3cb1006af3b893fd06ca1c5b', 3),
(19, '12113006', 'b03a7e306e19759fe54e40c7dc2b0e64', 3),
(20, '12113007', '074e40716753e065a184b63d993d303d', 3),
(21, '12114001', '8c253b260110e3c94dcc5bb6218803a8', 3),
(22, '12114003', 'b21d99c86e9d3ba5f321a08c4940da75', 3),
(23, '12114004', '608cbca2542ca5ea7a0e8afa4fd3c245', 3),
(24, '12114005', 'f752b50d0e69a06462a056fdb02204fb', 3),
(25, '12115001', '1f7d5dd1109b21bb633525b84a2614c9', 3),
(26, '12115002', '68bdc9e4222ade21c9239013426bcce2', 3),
(27, '12115003', 'f6c0f83557ef03b0e7eced91dddf866a', 3),
(28, '12115004', '87f4ebccffeb62b837e4a72bd7de3677', 3),
(29, '12115005', '543f020ea6ed03d4ffba2c6a941786e3', 3),
(30, '12115006', 'ef50fa06376e5cebf1f6f40f046597a1', 3),
(31, '12115007', 'f44553058567d7379d282f5601f6ed98', 3),
(32, '12115009', 'c2f6ee8b6320da98fbec86e5c98ba812', 3),
(33, '12115010', '4da40213dee80ca1c00e2dab991d7770', 3),
(34, '12115011', 'f1454c2473261b5cee5e54d3d1810580', 3),
(35, '12115012', 'b891d2991622b7c62617b0960f20c91e', 3),
(36, '12115013', 'a0323abb9220b5805ccf0ed385d47eb5', 3),
(37, '12115014', '3e2cdeb4c71920ab176de3e4f687ae66', 3),
(38, '12115015', '0c8823b853f4d0db887d1b9ed34664f3', 3),
(39, '12115016', '8686a2ae0d39ad1e948067168ed576a5', 3),
(40, '12115017', '94dc184257dc0ca0d78af387fa3c8537', 3),
(41, '12115018', '791905f7561c21238756fe154bcc4e26', 3),
(42, '12115019', '8f1dfaa0a3cd96d86bbabc1c0afb68e2', 3),
(43, '12115020', '48c6af947d32349c9a8a786f911d2504', 3),
(44, '12115023', '8fe1160ba7b333a0c929a7e3bb704760', 3),
(45, '12115024', '4e1aa520ffcc76290c42f562fc02ce1c', 3),
(46, '12115025', '640b38efafecd99f8d0a94c09b0924d0', 3),
(47, '12115027', '5c228342cb943c86ff087442ea72c3c4', 3),
(48, '12115029', '8789a4ccd17d9ce5c1deff971e68dea7', 3),
(49, '12115031', '2123c9d9e65d2394b73b7d4bd1882e8b', 3),
(50, '12115032', '5bd0d947b5488d7052fb6d3ed2796879', 3),
(51, '12115033', 'd4d6035686a72e92509b48afdf825cb4', 3),
(52, '12115034', '642f4851e63da49d6e6472d7fc2ab318', 3),
(53, '12115035', '9337583b0f192bdcc75563d8194ecf98', 3),
(54, '12115036', 'dee9c9f43130b5874abe042c2e4ae9e8', 3),
(55, '12115037', '5420483a3c6bfdfe4989d9bb81a3766c', 3),
(56, '12115039', 'e5c1598718fdbe4f4be8793df69543f6', 3),
(57, '12115040', 'd9eaedd464003347461445bceedbc110', 3),
(58, '12115041', 'd2371b7a764265fadae25e8bef8660cc', 3),
(59, '12115043', 'e715100ec5ede8b216a15a1030710f26', 3),
(60, '12115044', 'f5572b075cf81c898b70604885c0bef2', 3),
(61, '12115046', 'f300bcc2fdc23b1db870fb70b5208ed7', 3),
(62, '12115048', '301ec811933d3c5f38be1d8f6441303e', 3),
(63, '12115050', '34dd5d9197cc7b52dee604ce68eb2bee', 3),
(64, '12115051', '9e8f257f971bb0de7af848da2376ed61', 3),
(65, '12115053', '2e22bd1ed4110599821581649ee66a44', 3),
(66, '12115054', '248d47cd06a795a886f20dafa71c6da2', 3),
(67, '12115056', '5ba4c0a846586e61f4083eb964d17f53', 3),
(68, '12115057', '971d0f64db11e32fc7a19994b6fd64ad', 3),
(69, '12115058', '6f93905516aef1c7999e08622d4f120a', 3),
(70, '12115061', '29bc04aa78cfae3134d94326fd009fc0', 3),
(71, '12115062', '9442b492f7336e2e3653c101edbc2105', 3),
(72, '12115063', '415e822d8d199dea3acbe1e061daa212', 3),
(73, '12115064', '4b71d890e68b2139cac9c5af41d38475', 3),
(74, '12116001', '3648040859fd259e905990a6f19fed1c', 3),
(75, '12116002', 'ec390f2522fe251bb3adacaf30179e11', 3),
(76, '12116003', 'a2524356da0fd6480d0a9b539e9ed138', 3),
(77, '12116004', 'cd69248e547234b702d79d36c3a0eef4', 3),
(78, '12116005', '9eac39ea9ddf1fe07974f567bad5afee', 3),
(79, '12116006', '7cb63c88cbeffa5dd26f43388e3ab7b2', 3),
(80, '12116007', '1e1e941345377babd8cdf4e8b1e09947', 3),
(81, '12116008', '43e64f63de68ed1df97f072608e9e676', 3),
(82, '12116009', 'e9ab4ab75d30925ea7e6e1b39d559750', 3),
(83, '12116010', '9265a474cecd15449044503f7a8a34e3', 3),
(84, '12116011', '93aa5a483faa56d78ef5b3dd2ed9b4b5', 3),
(85, '12116012', '537f59c3ce6337ed9f56a3a853b41e79', 3),
(86, '12116013', 'af687bbd0580d31687a38ba03e20c963', 3),
(87, '12116014', 'a624acfffc07bee3348b8d3e45142470', 3),
(88, '12116015', 'a935d3c70c51f92c62d9b7462b517978', 3),
(89, '12116016', '593c640fd2e4ef670bb7f6c1638bb7bb', 3),
(90, '12116017', '74dab6a3bef056bb638e21006f215437', 3),
(91, '12116018', '5ff4ec3c9ff793f0074f0054c7b5450c', 3),
(92, '12116020', '2149dab3afd4805e3d8746a3d44f88ec', 3),
(93, '12116021', '004ec75873d44933b03c09879b5fd43c', 3),
(94, '12116022', 'e5939efd12c81bd55ee41f7798857f21', 3),
(95, '12116023', 'b8450e1c736e85ecd5db2b2f304445cd', 3),
(96, '12116025', 'c914fe132cef3531f18e50b3454271ba', 3),
(97, '12116026', '32ee92c5e1ee11922e7eb1d0f1969505', 3),
(98, '12116028', 'fa1ba9d2efc93327d3a9cacd9195407e', 3),
(99, '12116029', '8725707e97276d3017efa6de5b46a911', 3),
(100, '12116030', 'bd7e3f735e44f6ac992a9f577219ae8d', 3),
(101, '12116031', '8f4f96850dd85ccaa08f298af20a9a4c', 3),
(102, '12116032', '6b1fe6f92d67b1e7e0635e3ec2813f46', 3),
(103, '12116033', '9289cf3d2a1618b57a7f339ed2e09718', 3),
(104, '12116034', '524de3c2f8c4a7c99da6f572c08a33b4', 3),
(105, '12116035', '5b784a19e74c89de121319964059c142', 3),
(106, '12116036', '434c1759da55f30b6b728c4251a5b5a5', 3),
(107, '12116037', '486f2e1cf9399772f04cbcd132f93243', 3),
(108, '12116038', '2b580b4676cac3abe6f95ad33f3d8b88', 3),
(109, '12116039', '274cad22681d7244db98b9f703f03980', 3),
(110, '12116040', '0f7ae3e5544f6b77f3792adfbe9b1c0c', 3),
(111, '12116041', '68727b5c51b390568e56b71e3120e97c', 3),
(112, '12116042', '1576780a36ab36dc465bb60dbbfef233', 3),
(113, '12116043', 'ae293cbeafa034dd58f17557a11632dd', 3),
(114, '12116044', '0a5a59394f35979bda039fffec477e9f', 3),
(115, '12116045', 'cd400a206d5fcb581f483ccf6f93e703', 3),
(116, '12116046', '237c2f9179b8fbd1ff11f8476a60b0ce', 3),
(117, '12116047', '09d680c15842e3f13ba33def669f45a2', 3),
(118, '12116048', '78571f6ef6a98dc9c9a660729faba965', 3),
(119, '12116049', '5f032f8d8ccc8e115bf88704126b1da7', 3),
(120, '12116050', 'ff7abb0fba52db51867df45cefda8f47', 3),
(121, '12116052', '40b49622ffc14e32fc937b1798a08842', 3),
(122, '12116053', '3828f6e54ef2c6314cde6839078b0a79', 3),
(123, '12116054', '3eaf0487bba3fd7c28fab3990e5f0219', 3),
(124, '12116055', '84a9dc9410fd5eea02b68dd8f9a6609e', 3),
(125, '12116056', '0b8cf732b8359c36de55e606231cf3ed', 3),
(126, '12116057', '06b3cec85161d2c79e472176e4273f25', 3),
(127, '12116058', '2b22c58ee079255468b19265223f9990', 3),
(128, '12116060', 'b78b3badfa5e0872a892b291874bb26c', 3),
(129, '12116061', '7e5d7690677d715200ce856dbd35970e', 3),
(130, '12116062', '9287c10781c6d34633acb5a9796c773a', 3),
(131, '12116063', '8d83c3f3f23a0f977e9112f1e10c6ed9', 3),
(132, '12116065', '41262bd6ea1ff291c324a00ba7df453b', 3),
(133, '12116067', '056f2a617b64431a6a101186cd432b1c', 3),
(134, '12116069', 'f6dbf195251ff4e8a7ac610fed01b282', 3),
(135, '12116070', '9a30354a0e0c539a5b9a85ee1d321611', 3),
(136, '12116071', 'a566e8bc2765fb8681e4eb5fe68e5952', 3),
(137, '12116072', 'ab1793edd632f478def40b4d0b286bb8', 3),
(138, '12116073', '880e6eb2bfb002a1f7b9a84ceffff693', 3),
(139, '12116074', '5b525b7c5f178d6f1d5ec8ab97153149', 3),
(140, '12116075', 'ec659e7d38c2bdf3dafb9ef05b321721', 3),
(141, '12116076', '18b135841816353aa7ad3560f43302ba', 3),
(142, '12116077', '77d1688929059d99ab096e57ebb7e026', 3),
(143, '12116078', '6b48f6743a8dfe8c479d4882766687ff', 3),
(144, '12116079', '832e97b501a2bbeeb558104bfe7dee68', 3),
(145, '12116080', '2c40a1efd53ef170c3ec61571d7bde3f', 3),
(146, '12116081', 'ee431f22702e47280c68a98ec98ce026', 3),
(147, '12116082', 'b1fc2f829dd56961f7af394e61466b06', 3),
(148, '12116083', '7a9d60944f073900104b5b1f39c1cca4', 3),
(149, '12116084', '571348ecab96ad4ddb56a068377475b2', 3),
(150, '12116085', '5a3af2dc89faeaadf43333704352f841', 3),
(151, '12116086', 'fb9c7c2f9356da06041a12b2d5842410', 3),
(152, '12116087', '33ecbfe36aa30a736aff8decd176e1cb', 3),
(153, '12116089', '8e67ca3cb1be43ec78f4f42a02bf8758', 3),
(154, '12116090', 'afd393bdc5934d616902ab61a0bf8bb3', 3),
(155, '12116091', 'a20d4d5f4a55396f07adaeb1c4abb6f9', 3),
(156, '12116092', '008699c5e4135ab1f8f9ebf23135f3ae', 3),
(157, '12116093', '1fbce8c5ad3cb2dccc1b105596f80309', 3),
(158, '12116094', '42cfc2e76fab48be315738208c93f760', 3),
(159, '12116095', 'b0a78748d5c9a405f9a066bc095c7d87', 3),
(160, '12116096', 'c6338bf3aae2597687eca9c6318b143c', 3),
(161, '12116097', 'e56adb18ebd69d9e85962c4313865462', 3),
(162, '12116098', '97a3fe218a7d38478b181bc3080d6580', 3),
(163, '12116099', 'f7a9abb9559c7772efdcf30acbb310d3', 3),
(164, '12116100', '55942c87bdd0075a902a9edf14f4c296', 3),
(165, '12116101', 'a83eb941ec36c356fb45936602018e1a', 3),
(166, '12116102', '22aab2ecb9f2defc202b72e6a227d148', 3),
(167, '12116103', '27f28f71d451b75adeb3c893662435a6', 3),
(168, '12116104', 'b33fb1315f82a569b147e75dc78c8c5e', 3),
(169, '12116105', '8891518a4367c9da23305f157e8e85cc', 3),
(170, '12116106', '9f217c8acaa25cbf4592922f4c6e2357', 3),
(171, '12116107', '4e5fbd3f73bc3d975741e46cb85d91c6', 3),
(172, '12116108', '3f4113e225ae92305a3ac2003b4593e1', 3),
(173, '12116109', '937d8cb1b3c5634a45f48e98cb57fd21', 3),
(174, '12116110', 'c1aa14bbf1657014c29351924febafb4', 3),
(175, '12116111', '6a5f29db0b2f232880b1744575721410', 3),
(176, '12116113', '4c98503f3380a84f5d95c5962ca3474d', 3),
(177, '12116114', '0a1a9d658c7a2023c302eff6eeaa1b9b', 3),
(178, '12116115', '2e7f1dd82d3a69da5507733f756276af', 3),
(179, '12116116', '7de0f022a752aeae4b260599702b8793', 3),
(180, '12116118', '0d8b8c5c659ae384699fee4af46f388c', 3),
(181, '12116119', '2225f94067459cc8ca85af2f9863ee59', 3),
(182, '12116120', 'c80e590856ccdea14f7bc747bc50db9f', 3),
(183, '12116121', '7322513cf19e6f7a77b7cb49b0912f58', 3),
(184, '12116122', 'e67bab396a3bb68a6fb8168a6eeec6e9', 3),
(185, '12116123', '0957fcc4f2e25d45dd10cf0b8c01d6f0', 3),
(186, '12116124', 'c0759c28a6aceab5c4d90c443da0ce6f', 3),
(187, '12116125', 'd5599ca2d15b0787a1a51e2cf81b736d', 3),
(188, '12116126', '275350c11099c38ee8388a41c1e9e49b', 3),
(189, '12116128', '30b76277fcfde0561474fb7094e91369', 3),
(190, '12116129', '2145afce9e9462a7b5d6d90a77fa2a49', 3),
(191, '12116130', '8aff20b61db7fed85ea078a56f643da3', 3),
(192, '12116131', 'd818b36faa4bad8ef2a1269d880bf7e8', 3),
(193, '12116132', 'dac8b83924824c183bf312233155f6d2', 3),
(194, '12116133', '539f10504fce599b763b1a809938d8d7', 3),
(195, '12116134', '2eac1c2c579670a8324b7dad27af932a', 3),
(196, '12116135', 'e7caffdb954c6ce8a229c75ada2bbd60', 3),
(197, '12116136', '238ecd329bf27cbdfc20e6cee8ceae66', 3),
(198, '12116137', '865096f90759ec4ba309973e92468158', 3),
(199, '12116138', '5193dc4fd11c48b1db2babb80b56ab56', 3),
(200, '12116139', 'a44bc5949ac781781dd86cb0e150ddf0', 3),
(201, '12116140', '2d62cf810761142b5a6916ad45245bc8', 3),
(202, '12116142', '2dcab5966b5ebdd4ddf5da30e3f81da2', 3),
(203, '12116143', '046d41a5dc54de636db7256ade7fa070', 3),
(204, '12116144', 'f1d870d58d2c3d9fb6df32a5698769d1', 3),
(205, '12116145', 'bcef74fba75be452d125331f1d39cb46', 3),
(206, '12116146', 'abd652abb32bd35df342d41ad3e365b9', 3),
(207, '12116147', 'a72282aab94bd4a8f47eb8b3a5cf52fb', 3),
(208, '12116148', '4ef1d8a5844ce485215eaaa3ffb46827', 3),
(209, '12116149', '925a8af447463b7bfbf53c12128c6392', 3),
(210, '12116151', '8d87c1489fa3f9950090c9c368765655', 3),
(211, '12116152', 'bd6ee886764835a1434030f9a52f6c0d', 3),
(212, '12116154', 'e1a4030c815327b1b8ce09357abc9d6d', 3),
(213, '12116155', '5f266c44fb24b39c3f72c308248f9463', 3),
(214, '12116156', '0c81e2dea4adf8c50c44fa368dffe780', 3),
(215, '12116157', '6e5deaa5ac837ad75c40b7632ebf997f', 3),
(216, '12116158', '8ffabb846cec2396580b3c1ea00e8939', 3),
(217, '12116159', '4eccf227f71883c3e0fa74fff4d4e382', 3),
(218, '12116160', '39e76e95f8788e35e712de4cfd4d62e6', 3),
(219, '12116165', 'a587e099918124b01a07bf903aab459a', 3),
(220, '12117001', '8157b6ca8ea2a52be9f49fb6d6c2f1f3', 3),
(221, '12117002', '7bca70295201e69d128b8c986b0e89fd', 3),
(222, '12117003', '82711fe8fb84e4ac8de0739f5cc45e5e', 3),
(223, '12117005', '5636273d18b40b41200205853ea528a1', 3),
(224, '12117006', 'c6e03ca7d8007d02d5a00c4117fa6d22', 3),
(225, '12117007', 'b05d733657768ebaf99483137171f3a2', 3),
(226, '12117008', 'd54d234b3e89fe24cd0759329da7921c', 3),
(227, '12117009', '6ef1b50a0a7279a0ef1c33aa5903aeec', 3),
(228, '12117010', '37b1648907498e94e8a33bd4aa1884fc', 3),
(229, '12117011', '3dba94455ed366ee5daa2796d14d8158', 3),
(230, '12117012', '1f5e5f8a9a1020ab74e5b319d8810612', 3),
(231, '12117013', '478e8b1a7bd38d5f1ee4551e9a663508', 3),
(232, '12117014', 'e3a81e3df5b7c2df83ad87611429d222', 3),
(233, '12117015', '8f105d82480f9cc1504bf07b9c801019', 3),
(234, '12117016', 'db09cc72819efa44f7fb0f166f542f22', 3),
(235, '12117017', 'd55be774cf06d25fc572122afced3e93', 3),
(236, '12117018', '87ebacb9e44aa160d59be688f7087a64', 3),
(237, '12117019', 'd7df61e7e7dcd277c9977aad757bc35b', 3),
(238, '12117020', 'af458552caa5329de5071cecfcb3f59d', 3),
(239, '12117022', '7cab5f1025e632e325110c6ab9fa92b9', 3),
(240, '12117023', '122d2ccd79bd57cca8539ce646cb1c88', 3),
(241, '12117024', '04446f9f34be77dced79f62062667930', 3),
(242, '12117025', '73d23828f9594d23a5faaeebd6cf9e35', 3),
(243, '12117026', '9b9bf2a629eda2697f392d97029a1da9', 3),
(244, '12117027', '6a473ef134fc2f5686726bbad73cb822', 3),
(245, '12117028', '4c11118d17be889925439eafd0289764', 3),
(246, '12117029', '505fa31db27c56ad251eb5a7fd76f6d3', 3),
(247, '12117030', '2d1f6d1fc625e04286a014456f54db1c', 3),
(248, '12117031', '841b4a2fc23fc48d08ce37bb30b8e71c', 3),
(249, '12117032', '341be2fce3bf6e0a15b57b75f0794c8c', 3),
(250, '12117033', '82fda0832606c747d0486e427db2c14c', 3),
(251, '12117034', 'ddb94a6ca2c8f5f97ce24cb02aba7cc0', 3),
(252, '12117035', 'ed454c7e7e5dbe7a174654db3d03d251', 3),
(253, '12117036', '80a320e3538e2f3d19321a1c8aa6c177', 3),
(254, '12117037', 'f3671667d1ef72f78da75903db8a0454', 3),
(255, '12117038', '0eafee434d446bcec324d28c5b3d3bbc', 3),
(256, '12117039', '1e2f3e32838638916551cbdb8dff4374', 3),
(257, '12117040', '468923ca1be8688bf61dbd1f05cd95cc', 3),
(258, '12117041', 'b306d5d342a792d8b707d916466de0a3', 3),
(259, '12117042', '3f869fe37ff8c105f4270f3851c6786a', 3),
(260, '12117043', 'da3637ae05cf1f324de37dcfbf6f148c', 3),
(261, '12117044', 'd89262177175f5a77e6a35ddc66118d6', 3),
(262, '12117045', '1050c2a71d6eaa077e06872dd0662dce', 3),
(263, '12117046', 'fb4fcad8c09861e836ef2257c7a8cdb9', 3),
(264, '12117047', '84f77e4ff32b303c8f3a1504f3b8d235', 3),
(265, '12117048', '4b79c441e7039881f011696ec8bd96b9', 3),
(266, '12117049', 'edd0dfc539c69fbca3d893bbdc89c3d9', 3),
(267, '12117050', '366c3e38fc172daf4d8dee11f698fce1', 3),
(268, '12117051', '9a0f2aaa60e3e360f81ed22152bc6039', 3),
(269, '12117052', 'efcb3553edb8ab14f1c67fd7e53a201c', 3),
(270, '12117053', '61576b266f5d0add8906a000da643981', 3),
(271, '12117054', '3c38030660158d8721f283a97b662ec3', 3),
(272, '12117055', 'ea149d926224bc6c1998bdb0545db6c7', 3),
(273, '12117056', '6208e496a827b81950d8e0ce6823a053', 3),
(274, '12117057', 'f305241090bd87f555be0981dbc5b06a', 3),
(275, '12117058', '18f9dd5631ecad61f0e76b0b132e8ef0', 3),
(276, '12117059', '166ddeb80924093804a0628a1aaa17f6', 3),
(277, '12117060', '844b1dc89c1e3528a29dac49f345682e', 3),
(278, '12117061', 'fc18a33ff95bac7d469a4db8297f3f29', 3),
(279, '12117062', 'af830d58b59eaea92b9c7d45e9728e20', 3),
(280, '12117063', 'aaa0d1c483017473f7bb5ab7cc86f3f6', 3),
(281, '12117064', '63522f9db228e005a7b0d1df7fbd0036', 3),
(282, '12117065', '69f562857a980ffb7d29e307c6bdb61b', 3),
(283, '12117067', '0976cff12c147398019072322726f2a8', 3),
(284, '12117068', 'dc384b147758b62fbe19294841db407d', 3),
(285, '12117069', 'a7b711fdc7d9c6f454dc88eb0e4ec1a9', 3),
(286, '12117071', '8051526f1e2de6201d13296c1cbbd684', 3),
(287, '12117072', '43cb3b774f4c3fc9b4288a24b5592399', 3),
(288, '12117073', '2193a4ce6a2f923bea2a8d2e009ab7e8', 3),
(289, '12117074', 'a5de61a3914b03f0bb7747c284f35264', 3),
(290, '12117075', '3a6c0325d3056b62f04ddb3b7e914c9a', 3),
(291, '12117076', 'cbab67bfd5de6a380099647c00de1f6f', 3),
(292, '12117077', '6a2e2319d3cbff458906852816cb10fa', 3),
(293, '12117078', 'c04b47030c91d553ca97e300bda668b8', 3),
(294, '12117079', 'f3d7d73660b6a0310cd2c0fa2307183b', 3),
(295, '12117080', 'c3c14d44b5b87d74803c2357b36db92b', 3),
(296, '12117081', 'b555eb567b6e2adce8e89957ccba8aaf', 3),
(297, '12117082', 'c651d99d1bd672bdd0c10827beff5882', 3),
(298, '12117083', '1b4c3dc91831becdc647a8ce638cec6d', 3),
(299, '12117084', '026192a0173230891f4f44648532b6e2', 3),
(300, '12117085', '03c6b38d3f3013bb5aef39b10227c2d0', 3),
(301, '12117086', '414774d1b69ffb9d68a2d52e6088801a', 3),
(302, '12117087', '1479295e64b6303e03a609ec8e915ff3', 3),
(303, '12117088', '7661251f2df60841f61b6d7b13f49cb9', 3),
(304, '12117089', '4e01f0325f3421d937487a91797bab91', 3),
(305, '12117090', '7f35611dbd521e8f5fd787690459ca71', 3),
(306, '12117091', 'e4c4fc9caa903106af80a51587975f45', 3),
(307, '12117092', 'c7e9db5d8b2985a0149834c17be43b70', 3),
(308, '12117093', 'd510328115793571afa48614ae864ad1', 3),
(309, '12117094', 'a6b1c27a23c0061e1e82517572ca87ce', 3),
(310, '12117095', 'e59c8a2ea699df017403b0894659d2b5', 3),
(311, '12117096', '924dfe8ca528598e5b6d3ca9475f1a99', 3),
(312, '12117097', 'aec219aa930f55dae35a1c38cd20e470', 3),
(313, '12117098', 'fca1aa7e17760214cee84c08d5e95ad5', 3),
(314, '12117099', 'ebb01ee955d6b4d5e6f08815f1c733ad', 3),
(315, '12117100', '7f2433ffd2245763113c8b982786c721', 3),
(316, '12117101', '161f668a84c0f1f224085fa9c1f2721a', 3),
(317, '12117102', 'a0771cf9e0dc32328791413c6672f50c', 3),
(318, '12117103', 'fa41b307d043496cf52756631cb9a45a', 3),
(319, '12117104', '00e98110c6608515c8c4b90e960997e4', 3),
(320, '12117105', '27e0919392fec211a94afca109fe5e19', 3),
(321, '12117106', '4db17ca13e969e50c67e162e2405db3a', 3),
(322, '12117107', '6498a4b40b0c50db4a28fde7f7c6eacf', 3),
(323, '12117108', 'dfc69c6880fa73d40ad42940d7fc47fe', 3),
(324, '12117109', '3dfa65f2e4e645584cf60c68bdb75afe', 3),
(325, '12117110', 'b82dc5f7cae769cab2337a629330b917', 3),
(326, '12117111', '68ab41b2a3cc4dc12249277c05178159', 3),
(327, '12117112', '1251b4b75bdca9a3ff75495f506cb060', 3),
(328, '12117113', '4055fb721b635b5f0da4e2e8c4a5a373', 3),
(329, '12117114', 'f4d42b05a0772a59da32977e64f2034a', 3),
(330, '12117115', '4d67344b05ae4e544eb62a969e435648', 3),
(331, '12117116', '92821fed5b23122d0daa11cacf9d5e1d', 3),
(332, '12117117', 'b3f426eb150257c0cbc02efae99d9e5a', 3),
(333, '12117118', '45c053f5545cfaefb588f8b18eb49971', 3),
(334, '12117119', '5c770fb99d74a0ae7a6352494d4393bb', 3),
(335, '12117120', '1a621e294ce0e414a92602598830dc2c', 3),
(336, '12117121', '568ba77c749e78bd13a7f938b4343fd1', 3),
(337, '12117122', 'e79b97ab291b1291f895dfd1c48344f3', 3),
(338, '12117123', '8e083cf9d6e90d385ff45b770e2859c4', 3),
(339, '12117124', '45c51504729f1c7694cf1c79edb4314a', 3),
(340, '12117125', 'cd84636d997463102f436720332b6681', 3),
(341, '12117126', '36674f70ec5df0aec6c2f3dba79768cf', 3),
(342, '12117127', '3bc02dac99e84d75a8798b6142cf6c6b', 3),
(343, '12117128', '46c6fa0aef2586e10bfef5531fe599c3', 3),
(344, '12117129', '5ca9ffe6b6910bcf175a160c89f66ae3', 3),
(345, '12117130', '5e6fd012402ebc1b59805252364c0910', 3),
(346, '12117131', '347111ca475fff85f43b197c0dfa92bf', 3),
(347, '12117132', '7fca1cb4f9535533024c792f1f2b351f', 3),
(348, '12117133', '493678d60884cf17b0c6a8118e7427f0', 3),
(349, '12117134', '6de01f8c6464cfe050ce768fa89ea7eb', 3),
(350, '12117135', '1c8fd2436ef991cef885416d0e0665e9', 3),
(351, '12117136', 'c1ed948770064cafdc7c712253dc87c6', 3),
(352, '12117137', '3f005ea39411638df847495eeed5af0a', 3),
(353, '12117139', '66e8aedb544258d78bf5ed413ff3caef', 3),
(354, '12117140', '878c1d64c62a072e9c1ccab9fdbd05f0', 3),
(355, '12117141', 'ba4b42b20cb7cc19648de656c28a6f54', 3),
(356, '12117142', '61d352bf66001176f6e5689ffcb2266e', 3),
(357, '12117143', 'b6675c93eac4ec116b9b6a7b49ecf064', 3),
(358, '12117144', '48db618158eae20806faf7ed4833f5e1', 3),
(359, '12117145', '3f221316653df0a77c53d7d0e9e6b936', 3),
(360, '12117146', '0e25ecb06285f0dad430e8b4a66c0070', 3),
(361, '12117147', '7a1289f7aab1b85d263680b3476ef612', 3),
(362, '12117150', 'b592614c267e877bde7efde6548460bf', 3),
(363, '12117151', '84608fdefa133e9ab76159195d977ba5', 3),
(364, '14116101', '31b7912f28e309a214385efd5b965801', 3);

--
-- Indexes for dumped tables
--

--
-- Indexes for table `admin`
--
ALTER TABLE `admin`
  ADD PRIMARY KEY (`id`);

--
-- Indexes for table `catatan`
--
ALTER TABLE `catatan`
  ADD PRIMARY KEY (`id_catatan`),
  ADD KEY `nip_dosen` (`nip_dosen`),
  ADD KEY `nim_mahasiswa` (`nim_mahasiswa`);

--
-- Indexes for table `dosen`
--
ALTER TABLE `dosen`
  ADD PRIMARY KEY (`nip_dosen`);

--
-- Indexes for table `ip_mahasiswa`
--
ALTER TABLE `ip_mahasiswa`
  ADD PRIMARY KEY (`id`),
  ADD KEY `nim_mahasiswa` (`nim_mahasiswa`);

--
-- Indexes for table `mahasiswa`
--
ALTER TABLE `mahasiswa`
  ADD PRIMARY KEY (`nim_mahasiswa`),
  ADD KEY `nip_dosen` (`nip_dosen`);

--
-- Indexes for table `ticket`
--
ALTER TABLE `ticket`
  ADD PRIMARY KEY (`id_ticket`);

--
-- Indexes for table `users`
--
ALTER TABLE `users`
  ADD PRIMARY KEY (`id`);

--
-- AUTO_INCREMENT for dumped tables
--

--
-- AUTO_INCREMENT for table `ip_mahasiswa`
--
ALTER TABLE `ip_mahasiswa`
  MODIFY `id` int(11) NOT NULL AUTO_INCREMENT;

--
-- AUTO_INCREMENT for table `users`
--
ALTER TABLE `users`
  MODIFY `id` int(11) NOT NULL AUTO_INCREMENT, AUTO_INCREMENT=365;

--
-- Constraints for dumped tables
--

--
-- Constraints for table `catatan`
--
ALTER TABLE `catatan`
  ADD CONSTRAINT `catatan_ibfk_1` FOREIGN KEY (`nip_dosen`) REFERENCES `dosen` (`nip_dosen`) ON DELETE CASCADE ON UPDATE CASCADE,
  ADD CONSTRAINT `catatan_ibfk_2` FOREIGN KEY (`nim_mahasiswa`) REFERENCES `mahasiswa` (`nim_mahasiswa`) ON DELETE CASCADE ON UPDATE CASCADE;

--
-- Constraints for table `ip_mahasiswa`
--
ALTER TABLE `ip_mahasiswa`
  ADD CONSTRAINT `ip_mahasiswa_ibfk_1` FOREIGN KEY (`nim_mahasiswa`) REFERENCES `mahasiswa` (`nim_mahasiswa`) ON DELETE CASCADE ON UPDATE CASCADE;

--
-- Constraints for table `mahasiswa`
--
ALTER TABLE `mahasiswa`
  ADD CONSTRAINT `mahasiswa_ibfk_1` FOREIGN KEY (`nip_dosen`) REFERENCES `dosen` (`nip_dosen`) ON DELETE CASCADE ON UPDATE CASCADE;
COMMIT;

/*!40101 SET CHARACTER_SET_CLIENT=@OLD_CHARACTER_SET_CLIENT */;
/*!40101 SET CHARACTER_SET_RESULTS=@OLD_CHARACTER_SET_RESULTS */;
/*!40101 SET COLLATION_CONNECTION=@OLD_COLLATION_CONNECTION */;
